SubjectId,FOS_Mean,FOS_Variance,FOS_Median,FOS_Mode,FOS_Skewness,FOS_Kurtosis,FOS_Energy,FOS_Entropy,FOS_MinimalGrayLevel,FOS_MaximalGrayLevel,FOS_CoefficientOfVariation,FOS_10Percentile,FOS_25Percentile,FOS_75Percentile,FOS_90Percentile,FOS_HistogramWidth
case_00000,222.2149963792335,7266.107623479484,254.0,254.0,-2.2408379831540515,5.972548818725035,0.6772973732721954,0.6660794401829215,0.0,255.0,0.07172053061311127,0.0,254.0,254.0,254.0,254.0
case_00001,203.83051038881464,10410.03862319715,254.0,254.0,-1.5111392556612537,3.256329410457717,0.526640158380809,0.8904869027967511,0.0,255.0,0.07818936144597813,0.0,254.0,254.0,255.0,255.0
case_00002,220.43588123885917,7609.900288445993,254.0,254.0,-2.147971773653567,5.568169003668237,0.6006156391568066,0.7928355784833452,0.0,255.0,0.07229937957895274,0.0,254.0,254.0,255.0,255.0
case_00003,222.28147406974153,7259.114737032168,254.0,254.0,-2.2422423561522518,5.978831069378088,0.6323172234621055,0.7473777794131511,0.0,255.0,0.07169908116368179,0.0,254.0,254.0,254.0,254.0
case_00004,227.34038059826204,6289.209697393002,254.0,254.0,-2.5373592679131534,7.378608268632392,0.6228449616319318,0.7441919558148418,0.0,255.0,0.07010359272105074,1.0,254.0,254.0,255.0,254.0
case_00005,231.14138215797684,5512.267454330245,254.0,254.0,-2.8127088993627525,8.840569722165757,0.6780294776454238,0.6650105655810153,0.0,255.0,0.06895077506985141,254.0,254.0,254.0,254.0,0.0
case_00006,199.5261647727273,11041.11680265932,254.0,254.0,-1.3843496005666,2.8922275470757564,0.5023137364934391,0.9557984358540538,0.0,255.0,0.07987612786855744,0.0,254.0,254.0,255.0,255.0
case_00007,221.15103595699642,7489.232307297539,254.0,254.0,-2.1825928831259276,5.716962703479564,0.5659698782999699,0.8169777721755445,0.0,255.0,0.07206557899013552,0.0,254.0,254.0,255.0,255.0
case_00008,205.91000724153295,10079.638076280444,254.0,254.0,-1.5763806667409146,3.4561265921289106,0.5540876234488354,0.8769635674737519,0.0,255.0,0.07739972264589669,0.0,254.0,254.0,254.0,254.0
case_00009,219.80747173016934,7713.560772177928,254.0,254.0,-2.119307804819915,5.446764519150631,0.6556990412904206,0.7109808616361712,0.0,255.0,0.07250607690931267,0.0,254.0,254.0,254.0,254.0
case_00010,216.18954601158646,8374.695249295373,254.0,254.0,-1.9545098075976977,4.780663746372101,0.588399967446598,0.8197188463511551,0.0,255.0,0.07371946398210708,0.0,254.0,254.0,255.0,255.0
case_00011,207.31766558043674,9870.795682028496,254.0,254.0,-1.6194013510547478,3.5925396580455313,0.47790019877255724,1.0110932935352261,0.0,255.0,0.07687418921049793,0.0,254.0,254.0,255.0,255.0
case_00012,206.97946983622995,9913.822399548,254.0,254.0,-1.6111456875715902,3.566049652502782,0.5533901612812885,0.8734596547891623,0.0,255.0,0.07699979840087275,0.0,254.0,254.0,254.0,254.0
case_00013,200.42384567179144,10899.972414986682,254.0,254.0,-1.4099921079875184,2.9632809533929034,0.5335772747663354,0.9270915463152823,0.0,255.0,0.07951836966848665,0.0,254.0,254.0,254.0,254.0
case_00014,220.54817332330657,7588.091902628593,254.0,254.0,-2.1523172100577805,5.586717799363334,0.586303764466628,0.8325220964998102,0.0,255.0,0.07226256835574088,0.0,254.0,254.0,255.0,255.0
case_00015,200.1274920621658,10958.668112600515,254.0,254.0,-1.4016486412443034,2.9400181930360647,0.5046572681321733,0.9379215520114021,0.0,255.0,0.07963612238521724,0.0,254.0,254.0,255.0,255.0
case_00016,182.16324211786988,13223.554769721186,254.0,254.0,-0.9625236009500676,1.9107718695564135,0.46020894331661477,1.0160154483803667,0.0,255.0,0.08748953556830552,0.0,1.0,254.0,254.0,254.0
case_00017,195.286794646836,11628.400200190052,254.0,254.0,-1.2692057636080425,2.589245526554648,0.4683533440031493,1.0332247838844388,0.0,255.0,0.08161011336855102,0.0,254.0,254.0,255.0,255.0
case_00018,224.87395373774513,6771.028638320333,254.0,254.0,-2.384621850856501,6.632568030020953,0.6103464209035264,0.7764809653007924,0.0,255.0,0.0708724918364529,0.0,254.0,254.0,255.0,255.0
case_00019,219.24609277517825,7823.95923452368,254.0,254.0,-2.0907914248861763,5.327670783831711,0.604540966858546,0.7968759187580287,0.0,255.0,0.07269172849913412,0.0,254.0,254.0,255.0,255.0
case_00020,210.44339808934936,9356.14151494459,254.0,254.0,-1.7302649226598446,3.960893880798966,0.5624847956084251,0.8554569182761753,0.0,255.0,0.07573237077146316,0.0,254.0,254.0,255.0,255.0
case_00021,219.31799479166665,7811.243267926353,254.0,254.0,-2.0950722047361863,5.345441125706365,0.6180619923984461,0.7639292041106526,0.0,255.0,0.07266789697602503,0.0,254.0,254.0,254.0,254.0
case_00022,215.4607702484403,8507.903143431338,254.0,254.0,-1.9238838222451087,4.662821829345612,0.5738421796005182,0.8261402559646998,0.0,255.0,0.07396881312608505,0.0,254.0,254.0,255.0,255.0
case_00023,208.75987703319964,9634.551219922922,254.0,254.0,-1.6711762677086923,3.7615126677516773,0.5517788277675173,0.8564223133063812,0.0,255.0,0.0763431061418697,0.0,254.0,254.0,255.0,255.0
case_00024,209.13339516488412,9568.761244773696,254.0,254.0,-1.6830684615058158,3.80108942066807,0.5426518139233961,0.9049549930361367,0.0,255.0,0.07620675520494441,0.0,254.0,254.0,255.0,255.0
case_00025,199.73950994318182,11014.23224349853,254.0,254.0,-1.3908865535284531,2.910214735250851,0.5103280135491349,0.9174109287121899,0.0,255.0,0.07979081081676227,0.0,254.0,254.0,255.0,255.0
case_00026,208.21740307486633,9714.16170570051,254.0,254.0,-1.6525525630363438,3.700101407172413,0.5631914971223551,0.8654241565358249,0.0,255.0,0.07654200472752419,0.0,254.0,254.0,254.0,254.0
case_00027,215.72454350490193,8456.114052328712,254.0,254.0,-1.9353307666184005,4.706643067892381,0.5950588780761513,0.8004031092768118,0.0,255.0,0.07387836910706955,0.0,254.0,254.0,254.0,254.0
case_00028,209.41370028409094,9530.67653157104,254.0,254.0,-1.6936803362765365,3.836631798852053,0.5456656893038004,0.8673373208571709,0.0,255.0,0.07610475068674379,0.0,254.0,254.0,255.0,255.0
case_00029,218.0466740474599,8038.700682370328,254.0,254.0,-2.0360676011594157,5.103580700254802,0.6134330839792538,0.7837184030301994,0.0,255.0,0.07309158701976032,0.0,254.0,254.0,254.0,254.0
case_00030,199.34384595031196,11073.80819260871,254.0,254.0,-1.380003349238562,2.8803031057960844,0.5087206473055094,0.9086618003887114,0.0,255.0,0.07994918215073339,0.0,254.0,254.0,255.0,255.0
case_00031,175.0889531807041,13929.912003548465,254.0,254.0,-0.8172268127309033,1.6546008223055944,0.4526710468462063,1.053207926461635,0.0,255.0,0.09102446020144249,0.0,1.0,254.0,254.0,254.0
case_00032,213.67311720142604,8801.851710271138,254.0,254.0,-1.8530382928303708,4.397322217010382,0.6283994788023419,0.7498102516204493,0.0,255.0,0.07458765828499302,0.0,254.0,254.0,254.0,254.0
case_00033,217.12217761252228,8208.831410882376,254.0,254.0,-1.9941888688817437,4.936122533497272,0.584925704103491,0.8340191004807789,0.0,255.0,0.07340280769913417,0.0,254.0,254.0,255.0,255.0
case_00034,216.31173852495542,8361.976390167578,254.0,254.0,-1.958084371134714,4.794568636799918,0.5446705796224061,0.8818308136680472,0.0,255.0,0.07367782053432374,0.0,254.0,254.0,255.0,255.0
case_00035,229.58094627339574,5834.701231055429,254.0,254.0,-2.692247565438401,8.182460840433443,0.6467278878225814,0.7181099109661483,0.0,255.0,0.06941942573723105,2.0,254.0,254.0,255.0,253.0
case_00036,210.2362735349822,9394.145118080662,254.0,254.0,-1.721772434239987,3.9318209784060345,0.5325314585773259,0.9147129723882153,0.0,255.0,0.07580698222306216,0.0,254.0,254.0,255.0,255.0
case_00037,226.50550231172014,6455.119346532438,254.0,254.0,-2.4838134424725267,7.111789816402583,0.6160753158097735,0.7558460129834026,0.0,255.0,0.07036198806586155,1.0,254.0,254.0,255.0,254.0
case_00038,188.52500960895722,12500.855934182075,254.0,254.0,-1.104799303160587,2.2022730716396297,0.47893560866560747,0.9569742312950579,0.0,255.0,0.08453720534780447,0.0,1.0,254.0,255.0,255.0
case_00039,201.5376885583779,10747.5900590526,254.0,254.0,-1.4422321411278942,3.0544865917054356,0.5205728561395017,0.9206360566529175,0.0,255.0,0.07907889370227032,0.0,254.0,254.0,255.0,255.0
case_00040,219.92845643939398,7690.230541445838,254.0,254.0,-2.123075852233962,5.4626369604345495,0.625494395465206,0.7879668121066961,0.0,255.0,0.07246619063550384,1.0,254.0,254.0,254.0,253.0
case_00041,187.4027175245098,12630.035461136908,254.0,254.0,-1.0793845859636992,2.1472422779840388,0.5004571520509746,0.9186960123071006,0.0,255.0,0.08504347034575328,0.0,1.0,254.0,254.0,254.0
case_00042,215.2693098262032,8546.207594377422,254.0,254.0,-1.91519123837247,4.629723518814917,0.550241399080021,0.8612031540321248,0.0,255.0,0.0740346009534578,0.0,254.0,254.0,255.0,255.0
case_00043,187.67103609625673,12589.332069201504,254.0,254.0,-1.084821791961107,2.158917002832331,0.4940014305274864,0.9659629437187991,0.0,255.0,0.08492188129837427,0.0,2.0,254.0,254.0,254.0
case_00044,217.46616003787878,8134.930243316081,254.0,254.0,-2.0112534420878694,5.0039070191034645,0.6499266376278482,0.7297917091938257,0.0,255.0,0.07328670101009378,0.0,254.0,254.0,254.0,254.0
case_00045,206.61019454656864,10006.095237583932,254.0,254.0,-1.5966728605804839,3.5200302857436103,0.45191356661400933,0.9711608029362646,0.0,255.0,0.0771374204718492,0.0,254.0,254.0,255.0,255.0
case_00046,221.1500987355169,7468.4495373214295,254.0,254.0,-2.1853730446850483,5.728958199034637,0.6544503709300151,0.703578567435071,0.0,255.0,0.07206588439994067,0.0,254.0,254.0,254.0,254.0
case_00047,210.8884259413993,9278.8433206424,254.0,254.0,-1.7462666893747145,4.016080154452868,0.570181786668136,0.8542343955637971,0.0,255.0,0.0755725563380981,0.0,254.0,254.0,254.0,254.0
case_00048,230.36660943070407,5678.43934803992,254.0,254.0,-2.7493457128576115,8.490847101764423,0.6274005306573789,0.7456823503363501,0.0,255.0,0.06918267143790778,254.0,254.0,254.0,255.0,1.0
case_00049,225.37411709001782,6672.99536744401,254.0,254.0,-2.413713858013908,6.771094469577314,0.6094087524708452,0.7850376475767649,0.0,255.0,0.070715207479409,1.0,254.0,254.0,255.0,254.0
case_00050,205.22587232620322,10198.15652154923,254.0,254.0,-1.554395263359766,3.3878584323149266,0.523864673077263,0.8952081019991484,0.0,255.0,0.07765774007858534,0.0,254.0,254.0,255.0,255.0
case_00051,229.27727147393048,5897.2122470562,254.0,254.0,-2.672324032439868,8.076369676084648,0.6648412438199309,0.6651645123279756,0.0,255.0,0.0695113708744626,2.0,254.0,254.0,254.0,252.0
case_00052,228.2243003565062,6110.52058934085,254.0,254.0,-2.5973367050039267,7.684219922577202,0.6434288869712754,0.7100557772586824,0.0,255.0,0.06983207934305706,1.0,254.0,254.0,255.0,254.0
case_00053,224.8084355503565,6788.643935119329,254.0,254.0,-2.37955820131055,6.608649357375719,0.5845457599152865,0.8132612853352024,0.0,255.0,0.0708931469208116,0.0,254.0,254.0,255.0,255.0
case_00054,224.07088444184492,6921.1564417963245,254.0,254.0,-2.339411081530952,6.420609511232752,0.6294995350389849,0.7501093045375978,0.0,255.0,0.07112649860872752,0.0,254.0,254.0,255.0,255.0
case_00055,214.02423462566847,8748.479081783858,254.0,254.0,-1.8657163935692467,4.444114164430832,0.589597837071661,0.8213196912201378,0.0,255.0,0.07446529351399823,0.0,254.0,254.0,254.0,254.0
case_00056,216.27207442067734,8377.56155824498,254.0,254.0,-1.9552327201168784,4.7835126452361685,0.5116508041571552,0.9250164824732263,0.0,255.0,0.07369133298046124,0.0,254.0,254.0,255.0,255.0
case_00057,214.26275122549023,8716.633357349163,254.0,254.0,-1.8749446668289846,4.478371111419731,0.5653874871719141,0.841200330107458,0.0,255.0,0.07438239899074535,0.0,254.0,254.0,255.0,255.0
case_00058,226.1939705882353,6513.21978979733,254.0,254.0,-2.46348281481929,7.011977754965347,0.6115565419134766,0.7794256337113957,0.0,255.0,0.07045889600444617,1.0,254.0,254.0,255.0,254.0
case_00059,213.9945723317736,8756.559224240124,254.0,254.0,-1.8646201744647892,4.440058588586896,0.584367806108116,0.8214365831445557,0.0,255.0,0.07447561532448675,0.0,254.0,254.0,254.0,254.0
case_00060,223.64426749108736,6998.800008808707,254.0,254.0,-2.315981236568313,6.312351843222939,0.6434139006795823,0.7389755512684999,0.0,255.0,0.07126217733769707,1.0,254.0,254.0,254.0,253.0
case_00061,230.80582776292331,5605.24281942982,254.0,254.0,-2.7800280951906284,8.659296128475138,0.567623147789693,0.8045625053024177,0.0,255.0,0.06905101836024528,254.0,254.0,254.0,255.0,1.0
case_00062,230.22524871880574,5701.78728058339,254.0,254.0,-2.742221591486675,8.451968324001983,0.675474354978981,0.6587150059336252,0.0,255.0,0.06922515032213057,254.0,254.0,254.0,254.0,0.0
case_00063,206.29522030971484,10030.21422151471,254.0,254.0,-1.5885101963244808,3.494215105928075,0.5282911886980215,0.8929326409104392,0.0,255.0,0.07725519489294104,0.0,254.0,254.0,255.0,255.0
case_00064,207.79921526849375,9781.907886175673,254.0,254.0,-1.6385565742489325,3.6544070531696446,0.562631418477596,0.862659601408235,0.0,255.0,0.07669604252314823,0.0,254.0,254.0,254.0,254.0
case_00065,213.23805063502675,8889.709517178102,254.0,254.0,-1.8343649292329403,4.329030976293346,0.5627869336006696,0.859412141686738,0.0,255.0,0.07473983842493134,0.0,254.0,254.0,255.0,255.0
case_00066,206.68166290663993,9965.690721496247,254.0,254.0,-1.6010390118578115,3.533852300295941,0.5353816014182209,0.8963660070493688,0.0,255.0,0.07711074715761453,0.0,254.0,254.0,255.0,255.0
case_00067,218.26105197192513,8006.446952206386,254.0,254.0,-2.046218840302332,5.144700466851711,0.606962266929215,0.7707270947431419,0.0,255.0,0.07301979582027877,0.0,254.0,254.0,254.0,254.0
case_00068,196.43577024844026,11483.682036139398,254.0,254.0,-1.2997068984853553,2.6669397684965213,0.4648120880222658,1.002787236052785,0.0,255.0,0.08113276635081575,0.0,254.0,254.0,255.0,255.0
case_00069,196.17184366644386,11513.146766084708,254.0,254.0,-1.2924836922956147,2.6483768731182855,0.4684621688756716,1.0151731415676433,0.0,255.0,0.08124192112711123,0.0,254.0,254.0,255.0,255.0
case_00070,189.26044117647058,12413.587865995178,254.0,254.0,-1.1211290164304302,2.238315431927395,0.4518817168697539,1.0234810287745972,0.0,255.0,0.08420870918106371,0.0,2.0,254.0,255.0,255.0
case_00071,205.17720950311943,10191.764181177246,254.0,254.0,-1.5535018224040833,3.385091972603821,0.5657310270806991,0.8509799347265957,0.0,255.0,0.07767615852221113,0.0,254.0,254.0,254.0,254.0
case_00072,205.26223707664886,10187.184283312536,254.0,254.0,-1.554762773626149,3.388997395312038,0.5164344459135812,0.9403514675763618,0.0,255.0,0.07764398204701387,0.0,254.0,254.0,255.0,255.0
case_00073,209.97773660316398,9432.590448151142,254.0,254.0,-1.7139586227796673,3.905174102228594,0.5676391779134058,0.8422553544782357,0.0,255.0,0.0759003202355172,0.0,254.0,254.0,254.0,254.0
case_00074,207.64239834001782,9813.842868736767,254.0,254.0,-1.632487025770738,3.634725777526563,0.5311209705222109,0.9097825871841325,0.0,255.0,0.07675396536506726,0.0,254.0,254.0,255.0,255.0
case_00075,214.56626100155972,8664.953898659558,254.0,254.0,-1.8867508859832276,4.5224377836227205,0.5581423994588783,0.8571509383530844,0.0,255.0,0.07427718307676236,0.0,254.0,254.0,255.0,255.0
case_00076,204.47514733734403,10304.571719736841,254.0,254.0,-1.5309498335011003,3.3161030184283216,0.540132780530844,0.8933592156862245,0.0,255.0,0.07794285837689444,0.0,254.0,254.0,254.0,254.0
case_00077,213.17360238413545,8902.645900628078,254.0,254.0,-1.8318369363937812,4.3198398522612464,0.5583302965827287,0.8597267647597273,0.0,255.0,0.07476243433645376,0.0,254.0,254.0,255.0,255.0
case_00078,222.35043713792336,7261.286868051333,254.0,254.0,-2.2444185872084534,5.988550819481441,0.5783046344733553,0.8092951140808458,0.0,255.0,0.0716768433453689,0.0,254.0,254.0,255.0,255.0
case_00079,209.5781399008467,9499.812382869723,254.0,254.0,-1.6994621961299552,3.8560883117179734,0.5539256338446704,0.8701164655339837,0.0,255.0,0.076045037225969,0.0,254.0,254.0,255.0,255.0
case_00080,205.53720936385918,10150.988907803317,254.0,254.0,-1.5635422913824835,3.41615748287171,0.5078020715409334,0.9321191169786831,0.0,255.0,0.07754010818691008,0.0,254.0,254.0,255.0,255.0
case_00081,232.78659606172013,5181.41478093173,254.0,254.0,-2.9452649436241303,9.598185285807725,0.6206684982944296,0.7457742406908561,0.0,255.0,0.06846346705582504,254.0,254.0,254.0,255.0,1.0
case_00082,223.47082720588236,7027.0400946416285,254.0,254.0,-2.3064308248476655,6.268536247890759,0.6558636836482005,0.7271717913056446,0.0,255.0,0.07131748537282773,1.0,254.0,254.0,254.0,253.0
case_00083,228.58615432820858,6044.4693818835685,254.0,254.0,-2.6212422737623036,7.8080507483858295,0.6193948391021503,0.7339707604171707,0.0,255.0,0.0697215345231541,1.0,254.0,254.0,255.0,254.0
case_00084,222.11385305258466,7304.235250257468,254.0,254.0,-2.2318892644494928,5.932899780895912,0.5792259407844768,0.8127726839564534,0.0,255.0,0.07175318977846966,0.0,254.0,254.0,255.0,255.0
case_00085,209.3378819908645,9535.94819931774,254.0,254.0,-1.691129258272939,3.8280604177406627,0.5614548893865968,0.8609925818905706,0.0,255.0,0.07613231441409507,0.0,254.0,254.0,254.0,254.0
case_00086,185.4967080269608,12848.372342365583,254.0,254.0,-1.0356357928156497,2.055541955101114,0.4833323232412054,0.9735066111568486,0.0,255.0,0.08591730613458018,0.0,1.0,254.0,254.0,254.0
case_00087,193.40586118538323,11895.354407197114,254.0,254.0,-1.2217161247069297,2.471951808045091,0.4505809382188596,1.0045233086923309,0.0,255.0,0.08240379765550614,0.0,254.0,254.0,255.0,255.0
case_00088,206.01917251559718,10050.226798794905,254.0,254.0,-1.5810476398090119,3.470726049951164,0.6107688906847349,0.7769267854419323,0.0,255.0,0.0773587101428759,0.0,254.0,254.0,254.0,254.0
case_00089,226.21455381016042,6515.521464413733,254.0,254.0,-2.464581404781355,7.017366217010002,0.5956871041107733,0.7863483777932803,0.0,255.0,0.07045248496205907,1.0,254.0,254.0,255.0,254.0
case_00090,220.6021645220588,7573.72818487166,254.0,254.0,-2.1563786763826416,5.604065092961167,0.6172017008845591,0.7782506488090194,0.0,255.0,0.0722448824790003,0.0,254.0,254.0,254.0,254.0
case_00091,204.5180645610517,10307.916363272718,254.0,254.0,-1.531280890732323,3.3171227474088063,0.5000092118177377,0.9520554919474088,0.0,255.0,0.07792650240806324,0.0,254.0,254.0,255.0,255.0
case_00092,201.8342218137255,10710.87236317555,254.0,254.0,-1.4496348015833145,3.0757346520028093,0.48067892641046545,0.9916365778072669,0.0,255.0,0.07896271161199793,0.0,254.0,254.0,255.0,255.0
case_00093,216.0204946524064,8409.316638755701,254.0,254.0,-1.94772191441154,4.754384464258702,0.5837907563329576,0.8053430726249846,0.0,255.0,0.07377715469151987,0.0,254.0,254.0,255.0,255.0
case_00094,183.6873395721925,13069.648225566136,254.0,254.0,-0.9961909637003833,1.9761060706334928,0.4687310972094675,0.9413502196758916,0.0,255.0,0.08676361412619592,0.0,0.0,254.0,255.0,255.0
case_00095,224.18466326871658,6904.583008291887,254.0,254.0,-2.346144051861941,6.451919011702412,0.6212238099859102,0.7460926012625925,0.0,255.0,0.0710904002893635,0.0,254.0,254.0,255.0,255.0
case_00096,212.65381823752227,8983.15894536058,254.0,254.0,-1.8121838828972123,4.248782158828958,0.579357884189822,0.8385685699847749,0.0,255.0,0.07494517419249007,0.0,254.0,254.0,254.0,254.0
case_00097,215.639525122549,8470.52138487774,254.0,254.0,-1.9303858900985695,4.68768746130718,0.5713098736697605,0.8613248527542429,0.0,255.0,0.07390749651044695,0.0,254.0,254.0,255.0,255.0
case_00098,211.5059940396613,9171.948640833703,254.0,254.0,-1.7682458943189707,4.092716099923406,0.5686377037159002,0.8730974013419301,0.0,255.0,0.07535189497996295,0.0,254.0,254.0,254.0,254.0
case_00099,188.31754567736186,12515.625552604874,254.0,254.0,-1.0992420621062624,2.19014199545876,0.47341759766925917,1.0075439092622709,0.0,255.0,0.08463033751413797,0.0,2.0,254.0,254.0,254.0
case_00100,224.26720226158645,6887.415022677385,254.0,254.0,-2.348864114879786,6.464606035791314,0.5995344758408042,0.8053742053202178,0.0,255.0,0.07106423627615324,1.0,254.0,254.0,255.0,254.0
case_00101,203.53406027183598,10448.236169378053,254.0,254.0,-1.5029127118704468,3.2317245426089354,0.5586170406770548,0.8356617695494952,0.0,255.0,0.07830324531050768,0.0,254.0,254.0,254.0,254.0
case_00102,218.80791638814617,7904.806883180742,254.0,254.0,-2.070010978337002,5.241881022528748,0.5944050042557846,0.8172723717804815,0.0,255.0,0.07283729818183411,0.0,254.0,254.0,255.0,255.0
case_00103,215.9635338680927,8411.394864875856,254.0,254.0,-1.9456120835946793,4.746224909772466,0.6063972980518795,0.7875116237253765,0.0,255.0,0.07379661355348788,0.0,254.0,254.0,254.0,254.0
case_00104,211.19446635472372,9240.893513572593,254.0,254.0,-1.7555949581892094,4.048515023342048,0.512070615448486,0.9398131789682245,0.0,255.0,0.07546304467911909,0.0,254.0,254.0,255.0,255.0
case_00105,227.72259650735293,6203.368445702868,254.0,254.0,-2.5651136759276465,7.519096884998088,0.6777640666497258,0.664026402512762,0.0,255.0,0.06998592891063679,1.0,254.0,254.0,254.0,253.0
case_00106,193.0716591466132,11926.60179098164,254.0,254.0,-1.2140944121717463,2.453534465807059,0.4862865926549717,0.9647918864272339,0.0,255.0,0.08254643649385553,0.0,254.0,254.0,255.0,255.0
case_00107,201.22850573752226,10789.355592397498,254.0,254.0,-1.4334369973817682,3.0293977829599585,0.5310244000715458,0.9098550667845484,0.0,255.0,0.07920039654470012,0.0,254.0,254.0,254.0,254.0
case_00108,219.56632770721922,7780.2041680541215,254.0,254.0,-2.105571394749273,5.389229703793975,0.5688599677278722,0.8129945134608397,0.0,255.0,0.07258570845963652,0.0,254.0,254.0,255.0,255.0
case_00109,205.50427222593586,10156.909642263852,254.0,254.0,-1.5621790918580607,3.4119341502646865,0.49974197132576864,0.9496520285851294,0.0,255.0,0.07755253590537198,0.0,254.0,254.0,255.0,255.0
case_00110,206.92574671345812,9938.636844769722,254.0,254.0,-1.6084973489502612,3.5576091996512287,0.5052496631156717,0.9159816878538678,0.0,255.0,0.07701978948312616,0.0,254.0,254.0,255.0,255.0
case_00111,213.9978982843137,8762.664247092109,254.0,254.0,-1.863077114921843,4.434374401183064,0.5410624516311109,0.8963823839787782,0.0,255.0,0.07447445782544612,0.0,254.0,254.0,255.0,255.0
case_00112,200.83220448975047,10858.157280270518,254.0,254.0,-1.422266459761918,2.9977588371802946,0.516671184892079,0.8958843742249551,0.0,255.0,0.07935668231597087,0.0,254.0,254.0,255.0,255.0
case_00113,194.9846352774064,11684.64878104295,254.0,254.0,-1.2611862654443107,2.569127734089672,0.43958872876097344,1.0489321922157901,0.0,255.0,0.08173658107899105,0.0,254.0,254.0,255.0,255.0
case_00114,203.49622437611407,10464.484131455865,254.0,254.0,-1.4992337823313129,3.2207999308757262,0.48177475964248756,0.9892369054747414,0.0,255.0,0.07831780417238995,0.0,254.0,254.0,255.0,255.0
case_00115,211.53790051247773,9173.422181981812,254.0,254.0,-1.7708488087264123,4.101845558833528,0.581949308306628,0.8158359718143476,0.0,255.0,0.07534052957838233,0.0,254.0,254.0,254.0,254.0
case_00116,206.10431442179143,10049.014549233285,254.0,254.0,-1.58281388576705,3.4762845002171585,0.5595305102762319,0.8650270543036649,0.0,255.0,0.07732675317942868,0.0,254.0,254.0,254.0,254.0
case_00117,210.79974320409983,9296.109078874451,254.0,254.0,-1.744360574386544,4.009468935812452,0.5920857076968119,0.7807377511824232,0.0,255.0,0.07560434945633873,0.0,254.0,254.0,254.0,254.0
case_00118,205.1563609904189,10209.137341978203,254.0,254.0,-1.55158021242617,3.379194113635849,0.5101368633616303,0.9284263014551242,0.0,255.0,0.07768405217157037,0.0,254.0,254.0,255.0,255.0
case_00119,197.24270930815507,11369.77628427705,254.0,254.0,-1.3206158966795032,2.721277229677337,0.4581005295071943,1.0301894346914828,0.0,255.0,0.08080084433240084,0.0,254.0,254.0,255.0,255.0
case_00120,212.0977239304813,9086.35706837972,254.0,254.0,-1.789177701738367,4.16661164159044,0.5231316481044204,0.9296661703117297,0.0,255.0,0.07514167127853282,0.0,254.0,254.0,255.0,255.0
case_00121,214.16580325311944,8728.413652681822,254.0,254.0,-1.8709854480684727,4.463654655898176,0.573845155784977,0.8425734279886574,0.0,255.0,0.07441607020553638,0.0,254.0,254.0,255.0,255.0
case_00122,211.79539159982173,9142.253273179187,254.0,254.0,-1.7781666639721927,4.127643072770291,0.5177111602172213,0.9208639468008109,0.0,255.0,0.07524893403073762,0.0,254.0,254.0,255.0,255.0
case_00123,215.0796007408645,8561.91017036206,254.0,254.0,-1.9096879784777643,4.608796931913195,0.628290536011754,0.7503562283827852,0.0,255.0,0.07409990252730264,0.0,254.0,254.0,254.0,254.0
case_00124,192.85567095588235,11948.87033870796,254.0,254.0,-1.2086780282116731,2.440524008930125,0.4946447876082063,0.9648969634970306,0.0,255.0,0.08263888415371028,0.0,254.0,254.0,254.0,254.0
case_00125,219.06348735516934,7855.829199026604,254.0,254.0,-2.0839807009494886,5.299434835487758,0.6351449401383626,0.7312026338506571,0.0,255.0,0.07275232236520472,0.0,254.0,254.0,254.0,254.0
case_00126,221.29834684157754,7457.007785778819,254.0,254.0,-2.1897861679811688,5.748168964609352,0.5728676135855917,0.8275288481075451,0.0,255.0,0.07201760735211653,0.0,254.0,254.0,255.0,255.0
case_00127,219.18176776960786,7837.868106673997,254.0,254.0,-2.088828198218871,5.319520045533699,0.6160045121600821,0.759406266231611,0.0,255.0,0.07271306191517601,0.0,254.0,254.0,254.0,254.0
case_00128,212.19621810940285,9061.487149360813,254.0,254.0,-1.7950565396563842,4.18748483826525,0.5795175537476687,0.8341911281289732,0.0,255.0,0.07510679310171461,0.0,254.0,254.0,254.0,254.0
case_00129,190.37088332776293,12271.380106659964,254.0,254.0,-1.1481644662068724,2.299124745917656,0.4803340944915592,0.9725940310315453,0.0,255.0,0.08371751589275199,0.0,2.0,254.0,255.0,255.0
case_00130,192.99760277406418,11939.809208392575,254.0,254.0,-1.2120027850609718,2.4485062124812975,0.47391315616432145,0.9822744054499708,0.0,255.0,0.0825781109269351,0.0,254.0,254.0,255.0,255.0
case_00131,194.39805439505352,11740.762870802511,254.0,254.0,-1.2477637655593765,2.535716994017619,0.5150110473628936,0.937461503198112,0.0,255.0,0.08198321480173598,0.0,254.0,254.0,254.0,254.0
case_00132,215.54686803698752,8487.113436373242,254.0,254.0,-1.9281659428523001,4.6791777326558845,0.5994106597615599,0.786909621051947,0.0,255.0,0.07393926710999298,0.0,254.0,254.0,254.0,254.0
case_00133,222.6945309714795,7176.888876471877,254.0,254.0,-2.264127118937027,6.076678904001142,0.6440463194688569,0.7431459297240396,0.0,255.0,0.07156609271446512,1.0,254.0,254.0,254.0,253.0
case_00134,230.120780135918,5729.031634357163,254.0,254.0,-2.732349352836595,8.398357963414965,0.6400862621768318,0.7163034794661203,0.0,255.0,0.06925657665985667,254.0,254.0,254.0,255.0,1.0
case_00135,214.83825729723708,8612.808832703595,254.0,254.0,-1.8984390568607121,4.566326636574014,0.582003076670053,0.8155431745777054,0.0,255.0,0.07418314433848365,0.0,254.0,254.0,255.0,255.0
case_00136,189.4543261196524,12385.471282025876,254.0,254.0,-1.1256533712278762,2.2483954058866082,0.4585358610866397,1.0178045354070395,0.0,255.0,0.08412253115003436,0.0,2.0,254.0,255.0,255.0
case_00137,214.13135904077538,8747.360946272735,254.0,254.0,-1.8674603309851994,4.4506086033612435,0.5123216876031558,0.9360674262653754,0.0,255.0,0.07442804044163562,0.0,254.0,254.0,255.0,255.0
case_00138,195.63024231283418,11603.643701556672,254.0,254.0,-1.2780796289502974,2.61166344855047,0.43858834172360045,1.0239397844812927,0.0,255.0,0.0814668389819996,0.0,254.0,254.0,255.0,255.0
case_00139,205.97526919006236,10073.592875093895,254.0,254.0,-1.5786949406335231,3.4633694760394422,0.5509932402641616,0.8663969040109363,0.0,255.0,0.07737519903810935,0.0,254.0,254.0,254.0,254.0
case_00140,205.86774273061496,10093.76619023889,254.0,254.0,-1.5743146375424033,3.4496824070145324,0.5238286401622715,0.9182973060847776,0.0,255.0,0.07741561275757435,0.0,254.0,254.0,255.0,255.0
case_00141,203.82759650735292,10412.220545250779,254.0,254.0,-1.5102557338563671,3.253691751458743,0.5058729605701824,0.9363571995348244,0.0,255.0,0.07819047922656684,0.0,254.0,254.0,255.0,255.0
case_00142,211.81908018605168,9125.920482300826,254.0,254.0,-1.7808882813055424,4.13722519576068,0.5757743113968915,0.8341317127682608,0.0,255.0,0.07524051863746459,0.0,254.0,254.0,254.0,254.0
case_00143,224.58658673128343,6821.900912371902,254.0,254.0,-2.3693283865463384,6.560393226312255,0.6374392054566349,0.7365948749434611,0.0,255.0,0.07096317586222639,0.0,254.0,254.0,254.0,254.0
case_00144,214.33768229166668,8696.424035667193,254.0,254.0,-1.8789004554472748,4.493089746791899,0.5991059799806828,0.789619244595226,0.0,255.0,0.07435639538558575,0.0,254.0,254.0,254.0,254.0
case_00145,228.32032364082,6091.673883752008,254.0,254.0,-2.6040175594485255,7.718704267510507,0.6441406578181222,0.706966004589596,0.0,255.0,0.06980271049186565,1.0,254.0,254.0,255.0,254.0
case_00146,208.2381435216132,9729.555804178259,254.0,254.0,-1.651784634531499,3.697609228164404,0.49879659200555587,0.9430288299952534,0.0,255.0,0.0765343811704462,0.0,254.0,254.0,255.0,255.0
case_00147,233.43215923016936,5038.164518150519,254.0,254.0,-3.005423250147475,9.953438612651262,0.6628738212790074,0.688242776705385,0.0,255.0,0.06827412942187891,254.0,254.0,254.0,255.0,1.0
case_00148,219.25972426470588,7833.936557822716,254.0,254.0,-2.0917723324155677,5.331749015671665,0.582484232623849,0.7887181869133297,0.0,255.0,0.07268720921708584,0.0,254.0,254.0,255.0,255.0
case_00149,203.57133369540998,10452.699569109624,254.0,254.0,-1.5020715391062522,3.2292410908686673,0.49402590157187953,0.9614245638430172,0.0,255.0,0.0782889081738554,0.0,254.0,254.0,255.0,255.0
case_00150,219.07530386586456,7865.647818018741,254.0,254.0,-2.0814476090696608,5.289011799934739,0.560612934594725,0.8567459259546026,0.0,255.0,0.07274839824148945,0.0,254.0,254.0,255.0,255.0
case_00151,211.72673908199647,9147.284318710086,254.0,254.0,-1.7753884597126157,4.117842577919516,0.5248014494520482,0.9343270620273891,0.0,255.0,0.07527333354119756,0.0,254.0,254.0,255.0,255.0
case_00152,201.00293101047237,10836.667097472346,254.0,254.0,-1.426049531097418,3.008460955909639,0.4852710182548016,0.9633008249343239,0.0,255.0,0.07928927886966425,0.0,254.0,254.0,255.0,255.0
case_00153,187.98645972593584,12578.15274900481,254.0,254.0,-1.0912165656403316,2.1727191704188105,0.431081531427262,1.0330431480694942,0.0,255.0,0.08477939035473203,0.0,1.0,254.0,255.0,255.0
case_00154,222.18448571189842,7281.975914841105,254.0,254.0,-2.2382413450303726,5.961035286353419,0.636643477924205,0.7146789070609699,0.0,255.0,0.07173037937119905,0.0,254.0,254.0,254.0,254.0
case_00155,221.3883064561052,7429.28535874228,254.0,254.0,-2.1964566711977147,5.777167109899562,0.6275154377216499,0.7465551143469451,0.0,255.0,0.07198834349306132,0.0,254.0,254.0,254.0,254.0
case_00156,231.80682570187167,5378.257621731722,254.0,254.0,-2.86507579581644,9.135692696605725,0.6578521394592788,0.6955288361981803,0.0,255.0,0.06875283936205742,254.0,254.0,254.0,255.0,1.0
case_00157,228.55169312611406,6040.932572402334,254.0,254.0,-2.619181085085971,7.797306706456502,0.6473977918924463,0.7195128637982403,0.0,255.0,0.06973204719037035,2.0,254.0,254.0,255.0,253.0
case_00158,204.00139594474155,10389.009032762633,254.0,254.0,-1.5140879646020124,3.265203060186947,0.4704356649017076,1.0126499494920247,0.0,255.0,0.07812386467603502,0.0,254.0,254.0,255.0,255.0
case_00159,211.8598372047683,9120.788206283567,254.0,254.0,-1.782247677222277,4.14203345841615,0.5691377619736866,0.8430977174495684,0.0,255.0,0.07522604407132305,0.0,254.0,254.0,255.0,255.0
case_00160,186.902448248372,12693.210728871034,254.0,254.0,-1.067070927661085,2.1210593543944234,0.46717621826062555,0.9836130088169724,0.0,255.0,0.0852711005119113,0.0,2.0,254.0,255.0,255.0
case_00161,224.06140471813723,6924.047672120587,254.0,254.0,-2.338125761410378,6.414649127861241,0.6169609412075558,0.7768062860362304,0.0,255.0,0.0711295078711034,1.0,254.0,254.0,255.0,254.0
case_00162,194.68732745655078,11696.742884150462,254.0,254.0,-1.2557925334804814,2.5556370339449592,0.5443377447745571,0.8849091149495649,0.0,255.0,0.08186140134912501,0.0,254.0,254.0,254.0,254.0
case_00163,211.5968170677362,9157.770739519181,254.0,254.0,-1.7730782762840263,4.109679760241128,0.5960726877664362,0.8062221699010091,0.0,255.0,0.07531955192599786,0.0,254.0,254.0,254.0,254.0
case_00164,210.2885890151515,9389.889037189538,254.0,254.0,-1.723473763912031,3.9376425611794397,0.5219080820219147,0.9196523139956082,0.0,255.0,0.0757881230034832,0.0,254.0,254.0,255.0,255.0
case_00165,227.17333500445636,6319.807800578285,254.0,254.0,-2.5272378943690974,7.327718558483094,0.6361183200381298,0.727879973158498,0.0,255.0,0.070155141448254,1.0,254.0,254.0,255.0,254.0
case_00166,206.58723234180036,9972.752238919382,254.0,254.0,-1.5985145596808583,3.525832320666088,0.5636072037495192,0.8555096095227114,0.0,255.0,0.0771459943087901,0.0,254.0,254.0,254.0,254.0
case_00167,219.94661054478607,7697.989562188947,254.0,254.0,-2.1245588653930016,5.468906780115497,0.6089815072344008,0.7788667825016028,0.0,255.0,0.07246020937096469,0.0,254.0,254.0,255.0,255.0
case_00168,217.36907029857397,8152.367998102991,254.0,254.0,-2.006998309013031,4.986940902509178,0.6498604313795213,0.7301383068996345,0.0,255.0,0.07331943513682951,0.0,254.0,254.0,254.0,254.0
case_00169,198.83038171234404,11138.73391954336,254.0,254.0,-1.3650421422799353,2.8395857588442355,0.5054668652181001,0.9449790691336228,0.0,255.0,0.08015564479258747,0.0,254.0,254.0,255.0,255.0
case_00170,223.32395429478606,7060.009790260106,254.0,254.0,-2.2999070148281757,6.238709438538485,0.6646876823007194,0.6853387025053844,0.0,255.0,0.07136438856653954,0.0,254.0,254.0,254.0,254.0
case_00171,208.7717679088681,9625.336987275898,254.0,254.0,-1.672069829704211,3.7644642807221307,0.5767072987300207,0.831197408422246,0.0,255.0,0.07633875791800605,0.0,254.0,254.0,254.0,254.0
case_00172,210.5555516098485,9337.725648314903,254.0,254.0,-1.7340436418495275,3.973883750293332,0.5576645571898822,0.8665114929341375,0.0,255.0,0.07569203152639066,0.0,254.0,254.0,255.0,255.0
case_00173,225.5631045287433,6633.667349390143,254.0,254.0,-2.426617220555428,6.833053969091486,0.6351456410025713,0.7377448217269703,0.0,255.0,0.07065595893356018,1.0,254.0,254.0,255.0,254.0
case_00174,213.29686956885027,8877.90792400043,254.0,254.0,-1.8380505972698113,4.342446191839246,0.593867700026396,0.7853923941633549,0.0,255.0,0.07471922810083619,0.0,254.0,254.0,254.0,254.0
case_00175,193.62437862076646,11853.48312397262,254.0,254.0,-1.2277858417166643,2.486687936604707,0.48563463528719614,0.9658656421089391,0.0,255.0,0.08231079972488507,0.0,254.0,254.0,255.0,255.0
case_00176,227.96535901292333,6168.939086636168,254.0,254.0,-2.5777244066602356,7.583529335366598,0.6050331563809691,0.7687395012299343,0.0,255.0,0.06991140022114387,1.0,254.0,254.0,255.0,254.0
case_00177,208.4587660149287,9680.15702368027,254.0,254.0,-1.6608800267661104,3.7274747125171808,0.5565083820726364,0.8621975494961287,0.0,255.0,0.07645338095001425,0.0,254.0,254.0,254.0,254.0
case_00178,216.13273326091803,8376.374171817564,254.0,254.0,-1.9541248853554023,4.779143163800735,0.6451369692829669,0.7131403910975427,0.0,255.0,0.07373884191465545,0.0,254.0,254.0,254.0,254.0
case_00179,221.1790208611854,7477.584886972745,254.0,254.0,-2.1835062119674014,5.720917811043215,0.5723709972460681,0.8358904968586993,0.0,255.0,0.07205646081827859,0.0,254.0,254.0,255.0,255.0
case_00180,188.05281695632797,12574.800641315582,254.0,254.0,-1.091630323614543,2.1736230754446266,0.3976124132513834,1.1124255764346827,0.0,255.0,0.08474947468726517,0.0,1.0,254.0,255.0,255.0
case_00181,195.54801693404633,11597.412754849167,254.0,254.0,-1.2769237581354411,2.6087243203302557,0.4865554051907517,0.9701136985005836,0.0,255.0,0.08150109472030352,0.0,254.0,254.0,255.0,255.0
case_00182,226.1188112745098,6516.219274231913,254.0,254.0,-2.46249900651798,7.007102518687667,0.6850050132219043,0.6629606765546021,0.0,255.0,0.07048231573781423,1.0,254.0,254.0,254.0,253.0
case_00183,199.9019964349376,10988.527168684624,254.0,254.0,-1.3952062136244907,2.922153120938895,0.5084523530354905,0.933689986765933,0.0,255.0,0.07972595439133791,0.0,254.0,254.0,255.0,255.0
case_00184,226.31183517156862,6491.0626931175575,254.0,254.0,-2.4705784055774718,7.046723068994843,0.6072936446453778,0.7864246050167275,0.0,255.0,0.07042220058189616,1.0,254.0,254.0,255.0,254.0
case_00185,205.817969307041,10107.119011878573,254.0,254.0,-1.5724010898690517,3.4437152964942643,0.5070766490106206,0.9352769488950913,0.0,255.0,0.07743433434975598,0.0,254.0,254.0,255.0,255.0
case_00186,207.17007352941175,9879.88440617659,254.0,254.0,-1.6176672198122743,3.5869344494676447,0.5675302996182252,0.8515950904309131,0.0,255.0,0.07692895590079815,0.0,254.0,254.0,254.0,254.0
case_00187,192.64467956216578,11973.578464742634,254.0,254.0,-1.2029315596527752,2.4267926599868357,0.48590788015288827,0.988615256459243,0.0,255.0,0.08272939323697383,0.0,254.0,254.0,254.0,254.0
case_00188,194.45967580213906,11739.891055951064,254.0,254.0,-1.2491954947424473,2.5392653855293177,0.49834634998009336,0.9514659004530996,0.0,255.0,0.08195723552848748,0.0,254.0,254.0,254.0,254.0
case_00189,189.67910789884138,12354.505060162286,254.0,254.0,-1.130896056462931,2.2601234305398763,0.4619427007908456,1.0219352677893965,0.0,255.0,0.08402284061251945,0.0,2.0,254.0,255.0,255.0
case_00190,183.78362410873444,13053.840113711538,254.0,254.0,-0.9978455983835604,1.9793835438126437,0.4621136663044737,0.9838240388941292,0.0,255.0,0.08671815852907536,0.0,0.0,254.0,255.0,255.0
case_00191,195.5946373663101,11589.906266669892,254.0,254.0,-1.277757552252558,2.6108402749137145,0.47878600835842616,0.9952068984219797,0.0,255.0,0.0814816687466828,0.0,254.0,254.0,255.0,255.0
case_00192,207.11953682040996,9892.846451997038,254.0,254.0,-1.614925730788932,3.578155428739729,0.533466749138802,0.9176188740144646,0.0,255.0,0.07694772639593277,0.0,254.0,254.0,255.0,255.0
case_00193,215.43995863970588,8507.692172654202,254.0,254.0,-1.9221402547551736,4.656176167976708,0.5670624947431041,0.8578279914533707,0.0,255.0,0.07397595855076416,0.0,254.0,254.0,255.0,255.0
case_00194,212.29234569964348,9042.311229290643,254.0,254.0,-1.798127103048926,4.198435936836849,0.5759304470979867,0.8525039350460869,0.0,255.0,0.07507278417403625,0.0,254.0,254.0,254.0,254.0
case_00195,203.47571886140815,10460.119112069477,254.0,254.0,-1.5002626757942505,3.2238428864139013,0.5313882465184843,0.8925637975041314,0.0,255.0,0.07832569674499851,0.0,254.0,254.0,255.0,255.0
case_00196,209.83419563279858,9448.69528864907,254.0,254.0,-1.7090462327202671,3.888487023124756,0.5870698281919957,0.8241055775501831,0.0,255.0,0.07595224125622975,0.0,254.0,254.0,254.0,254.0
case_00197,216.03826091800357,8409.56388340081,254.0,254.0,-1.9470494818723576,4.751806585898934,0.5535424251304877,0.8628524845145737,0.0,255.0,0.07377108750453325,0.0,254.0,254.0,255.0,255.0
case_00198,201.6712674075312,10725.724559625425,254.0,254.0,-1.4453255963716392,3.0633482888734207,0.5047009544508627,0.9740251529682051,0.0,255.0,0.07902651505781168,0.0,254.0,254.0,255.0,255.0
case_00199,195.11493802918895,11647.701156510268,254.0,254.0,-1.2668528926811666,2.583305009629588,0.5310017925766353,0.8887494356697797,0.0,255.0,0.08168199529717718,0.0,254.0,254.0,254.0,254.0
case_00200,202.95150275735296,10543.686991014967,254.0,254.0,-1.4836449544843264,3.1746712384954034,0.503722124485955,0.9412277225703558,0.0,255.0,0.07852800907596047,0.0,254.0,254.0,255.0,255.0
case_00201,206.73606520164884,9975.618120207886,254.0,254.0,-1.6012367383299122,3.534501523366311,0.4734419079191077,0.9711100303242015,0.0,255.0,0.07709045557660212,0.0,254.0,254.0,255.0,255.0
case_00202,223.80348234180036,6966.8114980150895,254.0,254.0,-2.3257931202440645,6.357538066568097,0.6613484945660607,0.7018311908354303,0.0,255.0,0.0712114810893296,0.0,254.0,254.0,254.0,254.0
case_00203,212.7639562444296,8967.779446185554,254.0,254.0,-1.816559185915376,4.264530414500932,0.5752196973762994,0.8382961930648145,0.0,255.0,0.07490637856066133,0.0,254.0,254.0,254.0,254.0
case_00204,215.87045426693408,8433.836806249135,254.0,254.0,-1.9421770782017351,4.732974833185437,0.6011936120463237,0.7673246843204189,0.0,255.0,0.07382843337514777,0.0,254.0,254.0,254.0,254.0
case_00205,218.209057486631,8012.749997393305,254.0,254.0,-2.0434010274562904,5.133264526630864,0.605808614873659,0.7919216660793696,0.0,255.0,0.07303719485377302,0.0,254.0,254.0,254.0,254.0
case_00206,230.05102398061496,5737.404440413188,254.0,254.0,-2.728889218132432,8.379572628488374,0.672078165810188,0.6687493779504278,0.0,255.0,0.06927757666426286,254.0,254.0,254.0,254.0,0.0
case_00207,203.4078276793672,10473.780434077884,254.0,254.0,-1.497400517362701,3.215342245415502,0.5065920579325416,0.9420866699231312,0.0,255.0,0.07835183941707198,0.0,254.0,254.0,255.0,255.0
case_00208,217.72443446412657,8100.826147227002,254.0,254.0,-2.0208691664652063,5.042414094858149,0.5901041168380741,0.820548374893821,0.0,255.0,0.07319976505960407,0.0,254.0,254.0,255.0,255.0
case_00209,187.67328612410876,12601.612160124034,254.0,254.0,-1.0842202942710848,2.157634633362357,0.45586839927563694,1.0134150364779009,0.0,255.0,0.08492086316413623,0.0,2.0,254.0,255.0,255.0
case_00210,218.82164396724596,7912.322743383845,254.0,254.0,-2.0706433029138682,5.244490325569988,0.5729217892697316,0.8223907572622318,0.0,255.0,0.072832728799418,0.0,254.0,254.0,255.0,255.0
case_00211,229.86425565396613,5775.31414392849,254.0,254.0,-2.712713463493444,8.292242909565365,0.648889784494151,0.7198287014523144,0.0,255.0,0.06933386578599282,254.0,254.0,254.0,255.0,1.0
case_00212,192.93836870543672,11943.312131505409,254.0,254.0,-1.2112303607845336,2.4466409088570247,0.4996887276249846,0.9316315090401366,0.0,255.0,0.08260346325847284,0.0,254.0,254.0,254.0,254.0
case_00213,214.64520248440286,8645.760803585323,254.0,254.0,-1.8908202259487732,4.537674351659394,0.5854152510165687,0.8166586494389962,0.0,255.0,0.07424986566688958,0.0,254.0,254.0,254.0,254.0
case_00214,216.96093889260248,8238.935640281763,254.0,254.0,-1.9884931860521802,4.913607042321739,0.6042046815621235,0.7763941546809958,0.0,255.0,0.07345735841601592,0.0,254.0,254.0,254.0,254.0
case_00215,224.03404648507131,6928.709127323432,254.0,254.0,-2.3376008856426616,6.412196588304414,0.631143781888363,0.749822206802502,0.0,255.0,0.07113819395111996,0.0,254.0,254.0,254.0,254.0
case_00216,215.88869958778966,8430.696635442582,254.0,254.0,-1.941934567499914,4.7320514226787616,0.5830832976991318,0.8161987339644053,0.0,255.0,0.07382219394039383,0.0,254.0,254.0,255.0,255.0
case_00217,204.71364750445633,10270.730733933364,254.0,254.0,-1.5368092000235167,3.3339548511331905,0.5028146963767471,0.9640741361405107,0.0,255.0,0.07785205160863685,0.0,254.0,254.0,255.0,255.0
case_00218,213.89262435940284,8776.5075027399,254.0,254.0,-1.8614951875933952,4.428498120464427,0.5962302806964948,0.7761669832404635,0.0,255.0,0.07451111275220842,0.0,254.0,254.0,254.0,254.0
case_00219,221.4091800356506,7431.467261721028,254.0,254.0,-2.195658063906039,5.773716697345993,0.5873722466141762,0.8115648139717888,0.0,255.0,0.0719815567174904,0.0,254.0,254.0,255.0,255.0
case_00220,209.99791346368093,9437.557294727283,254.0,254.0,-1.7125730724896129,3.9004916379508137,0.5113370607456963,0.9433122812476176,0.0,255.0,0.0758930276384179,0.0,254.0,254.0,255.0,255.0
case_00221,222.20592078877004,7279.785218890584,254.0,254.0,-2.2370584371552105,5.955806951639763,0.5995194716554255,0.8003072657931866,0.0,255.0,0.07172345990573029,0.0,254.0,254.0,255.0,255.0
case_00222,207.7824469418449,9793.476381317663,254.0,254.0,-1.6377243457349804,3.651712930982847,0.5397300128525373,0.8754005746676545,0.0,255.0,0.07670223199830664,0.0,254.0,254.0,255.0,255.0
case_00223,238.10671582553476,4022.9474432964184,254.0,254.0,-3.5111805521605097,13.224775655314469,0.7377195689345899,0.567160365024195,0.0,255.0,0.06693375865209464,254.0,254.0,254.0,254.0,0.0
case_00224,206.46095421122993,9987.333279805409,254.0,254.0,-1.5949798546091536,3.5146243843952725,0.587978396269727,0.8172268347028988,0.0,255.0,0.07719317926915963,0.0,254.0,254.0,254.0,254.0
case_00225,211.039762282754,9266.191109385949,254.0,254.0,-1.7503722767297998,4.030343902778264,0.5195048238029473,0.9254836710480059,0.0,255.0,0.07551836335541408,0.0,254.0,254.0,255.0,255.0
case_00226,225.29566176470587,6675.47245454111,254.0,254.0,-2.411823305783656,6.761983044873519,0.6756011248788548,0.6889918976377456,0.0,255.0,0.07073983282977679,1.0,254.0,254.0,254.0,253.0
case_00227,213.11197707776293,8918.74974486785,254.0,254.0,-1.8281002596292888,4.30629440626394,0.5246642933730452,0.9107430373251113,0.0,255.0,0.07478405328994625,0.0,254.0,254.0,255.0,255.0
case_00228,169.7258656417112,14426.508900071469,254.0,254.0,-0.7141462517673526,1.4983162424940286,0.4196964630403794,1.0708516460442625,0.0,255.0,0.0939006991671664,0.0,0.0,254.0,255.0,255.0
case_00229,217.3732770721925,8160.642664148906,254.0,254.0,-2.005867159188423,4.982462730046408,0.6046105492954146,0.8017095230296369,0.0,255.0,0.07331801620314266,0.0,254.0,254.0,254.0,254.0
case_00230,212.9536856617647,8938.71578365185,254.0,254.0,-1.8232334682220672,4.288646101788895,0.5588441273544726,0.8594841245490096,0.0,255.0,0.07483964130971951,0.0,254.0,254.0,255.0,255.0
case_00231,226.6188568126114,6443.931037714906,254.0,254.0,-2.4867311668057916,7.12624131278198,0.5497668231899664,0.8595831650091057,0.0,255.0,0.07032679307745192,1.0,254.0,254.0,255.0,254.0
case_00232,209.281086508467,9542.104771634762,254.0,254.0,-1.6895698511024453,3.822825930493353,0.5771275339085442,0.8324472654597882,0.0,255.0,0.07615297548574433,0.0,254.0,254.0,254.0,254.0
case_00233,196.3042637310606,11495.225980579127,254.0,254.0,-1.2964018444324854,2.6584297492657103,0.47863359524465066,0.9917533700049003,0.0,255.0,0.08118711813791087,0.0,254.0,254.0,255.0,255.0
case_00234,183.8794728999554,13033.535305019577,254.0,254.0,-0.9999305336389951,1.9835126974888773,0.47677538516040047,0.9793026319332474,0.0,255.0,0.08667295592684447,0.0,1.0,254.0,254.0,254.0
case_00235,211.41160678475939,9215.360629755882,254.0,254.0,-1.7623035701171694,4.0719446611129735,0.4752584473485125,0.9863435375362881,0.0,255.0,0.07538553673987851,0.0,254.0,254.0,255.0,255.0
case_00236,205.71275693516043,10127.6064853197,254.0,254.0,-1.5696427411750076,3.4351102357227954,0.5118931682730048,0.903581159782728,0.0,255.0,0.0774739383592657,0.0,254.0,254.0,255.0,255.0
case_00237,217.2521817903298,8174.2066436596415,254.0,254.0,-2.0021038042150137,4.96747603244482,0.6522021299627878,0.714515282031204,0.0,255.0,0.07335888329945704,0.0,254.0,254.0,254.0,254.0
case_00238,202.4394898897059,10619.674790426232,254.0,254.0,-1.4680971556558071,3.12915531184728,0.4975669186580185,0.9577460889076361,0.0,255.0,0.07872662324525867,0.0,254.0,254.0,255.0,255.0
case_00239,210.92795788770053,9284.657908512196,254.0,254.0,-1.7467547785808764,4.017790438743443,0.5277338245180494,0.9030387354074434,0.0,255.0,0.07555839259105895,0.0,254.0,254.0,255.0,255.0
case_00240,200.32640638926026,10918.7809570262,254.0,254.0,-1.4075804651040786,2.956543650074321,0.5341986843088876,0.9035461770841096,0.0,255.0,0.07955704760929436,0.0,254.0,254.0,254.0,254.0
case_00241,208.366873328877,9704.528230643937,254.0,254.0,-1.6560115969269853,3.7114828333600456,0.5045208847978382,0.9426070372017952,0.0,255.0,0.0764870979532067,0.0,254.0,254.0,255.0,255.0
case_00242,213.38684464126558,8866.876565339126,254.0,254.0,-1.8392820319462053,4.346967519098591,0.5434469046280215,0.8916512798964336,0.0,255.0,0.07468772255994639,0.0,254.0,254.0,255.0,255.0
case_00243,211.8904141599822,9114.101483420682,254.0,254.0,-1.7835810153073322,4.146746378069382,0.5761792732850803,0.8336606018874815,0.0,255.0,0.07521518853833631,0.0,254.0,254.0,254.0,254.0
case_00244,202.90193335004457,10552.451408128574,254.0,254.0,-1.482655749712442,3.171753546814103,0.512024296699319,0.9157723265839829,0.0,255.0,0.0785471936485406,0.0,254.0,254.0,255.0,255.0
case_00245,216.4981758299911,8330.211972145613,254.0,254.0,-1.9646555452912622,4.82015832345819,0.5228091823813621,0.9259979867040495,0.0,255.0,0.07361437291288923,0.0,254.0,254.0,255.0,255.0
case_00246,209.19108038101606,9561.29602872988,254.0,254.0,-1.6859252528156594,3.8106231894751037,0.5551221892104762,0.8740122575443909,0.0,255.0,0.07618574090960875,0.0,254.0,254.0,255.0,255.0
case_00247,232.84055745877896,5151.644446414904,254.0,254.0,-2.9577720629069066,9.671302662368403,0.7352827442078269,0.5717043812103817,0.0,255.0,0.06844760047154032,254.0,254.0,254.0,254.0,0.0
case_00248,222.85507547905527,7162.167021924506,254.0,254.0,-2.272739136819559,6.1154758616153355,0.6078433309465776,0.7533379441639937,0.0,255.0,0.07151453659401659,0.0,254.0,254.0,255.0,255.0
case_00249,211.86760959781637,9115.217534661266,254.0,254.0,-1.7833044273274423,4.145754073979907,0.5928056351844995,0.8084159933450845,0.0,255.0,0.07522328439331902,0.0,254.0,254.0,254.0,254.0
case_00250,209.30536903966131,9541.784354507947,254.0,254.0,-1.6897600640457966,3.8234734584770145,0.5558133809624566,0.8689927440912446,0.0,255.0,0.07614414060964318,0.0,254.0,254.0,255.0,255.0
case_00251,205.39299005681815,10173.500856562536,254.0,254.0,-1.559206850237732,3.402723365871139,0.5116515150351159,0.9239397222323037,0.0,255.0,0.07759455396262768,0.0,254.0,254.0,255.0,255.0
case_00252,210.81439881350266,9295.878767946882,254.0,254.0,-1.7438512704411735,4.007716105299452,0.5651168650533723,0.8473792443062285,0.0,255.0,0.07559909351641705,0.0,254.0,254.0,254.0,254.0
case_00253,214.93654968805703,8593.861933036478,254.0,254.0,-1.902397249615997,4.58125258577548,0.5856597773705844,0.8143999993234619,0.0,255.0,0.07414921972851782,0.0,254.0,254.0,254.0,254.0
case_00254,190.32177445409982,12270.024989182393,254.0,254.0,-1.1468280717353725,2.2960877485647915,0.48856636197250164,0.9772723662234782,0.0,255.0,0.08373911758768762,0.0,2.0,254.0,254.0,254.0
case_00255,216.94768897615864,8234.1798214917,254.0,254.0,-1.987267766171541,4.908771138085008,0.6091535758703012,0.7975967087927973,0.0,255.0,0.07346184476876662,0.0,254.0,254.0,254.0,254.0
case_00256,228.11575409425134,6129.6527412540145,254.0,254.0,-2.5890982229753052,7.641811772176285,0.6395875961820402,0.7349777972629322,0.0,255.0,0.06986530813616813,2.0,254.0,254.0,255.0,253.0
case_00257,209.673834252451,9490.666168719117,254.0,254.0,-1.7025258108794814,3.8664372292607,0.5362672265987193,0.8809649406486162,0.0,255.0,0.07601033055617394,0.0,254.0,254.0,255.0,255.0
case_00258,210.71282043783418,9315.07024087587,254.0,254.0,-1.7398430468380512,3.993870809150221,0.5538421377594922,0.861453970848023,0.0,255.0,0.0756355375880471,0.0,254.0,254.0,255.0,255.0
case_00259,218.88126044451874,7891.447492781499,254.0,254.0,-2.073984873667586,5.258213064602663,0.6036408076136518,0.7979115564520818,0.0,255.0,0.07281289141949628,0.0,254.0,254.0,254.0,254.0
case_00260,214.93915691844924,8592.285019367626,254.0,254.0,-1.9037055867930421,4.586172449905216,0.6095314573308722,0.7671934877359753,0.0,255.0,0.07414832029212844,0.0,254.0,254.0,254.0,254.0
case_00261,210.75849696412658,9300.882648492749,254.0,254.0,-1.742510787861318,4.003069748339188,0.5882193829005989,0.8079194698841288,0.0,255.0,0.07561914551526691,0.0,254.0,254.0,254.0,254.0
case_00262,208.19376295120318,9726.119625587717,254.0,254.0,-1.6511559694704452,3.6955374354872648,0.5346165953495084,0.8985475784265484,0.0,255.0,0.07655069596991076,0.0,254.0,254.0,255.0,255.0
case_00263,212.39442764037432,9046.407179434816,254.0,254.0,-1.800480557880803,4.206867834824939,0.5082593522062963,0.9251881761120805,0.0,255.0,0.0750367023634648,0.0,254.0,254.0,255.0,255.0
case_00264,202.41652991310158,10607.23380098084,254.0,254.0,-1.469259461767117,3.1325143254197494,0.5724872547385905,0.8344937759605319,0.0,255.0,0.07873555315542274,0.0,254.0,254.0,254.0,254.0
case_00265,198.31582149621212,11216.625526525318,254.0,254.0,-1.3509158964922345,2.801536413308731,0.49504850846854204,0.9532124689562546,0.0,255.0,0.08036362066459551,0.0,254.0,254.0,255.0,255.0
case_00266,213.19127799131016,8895.28453554167,254.0,254.0,-1.8332924011082663,4.325120813750587,0.5818519830888379,0.8213755377722634,0.0,255.0,0.0747562358116679,0.0,254.0,254.0,254.0,254.0
case_00267,215.87897379122103,8441.655273990935,254.0,254.0,-1.9403969023096495,4.726147959353914,0.5457180339565639,0.8633132627745702,0.0,255.0,0.07382551978370272,0.0,254.0,254.0,255.0,255.0
case_00268,183.10000584893046,13131.880876436477,254.0,254.0,-0.9830622815095029,1.950361816560117,0.45933550884470303,0.981839584905619,0.0,255.0,0.08704192758824165,0.0,0.0,254.0,255.0,255.0
case_00269,231.87141279523172,5370.469389091056,254.0,254.0,-2.8683112372484185,9.154137731270735,0.6264306210670226,0.7427476189779886,0.0,255.0,0.0687336884628538,254.0,254.0,254.0,255.0,1.0
case_00270,204.5800015318627,10301.28845535233,254.0,254.0,-1.531915385772635,3.3190689144820964,0.471143211221899,1.0038678656236049,0.0,255.0,0.0779029100164858,0.0,254.0,254.0,255.0,255.0
case_00271,199.75457720588233,10999.905038344805,254.0,254.0,-1.391018545412888,2.9105768944490586,0.5247118811592795,0.934028855869521,0.0,255.0,0.07978479228580053,0.0,254.0,254.0,254.0,254.0
case_00272,233.3479032976827,5052.570575134205,254.0,254.0,-3.000347684113088,9.923147407861425,0.6926171105622805,0.6345212366702048,0.0,255.0,0.0682987814558499,254.0,254.0,254.0,254.0,0.0
case_00273,204.44578306038323,10301.401563702302,254.0,254.0,-1.5306100979713277,3.3150610450844824,0.5695086849269482,0.8510165471011638,0.0,255.0,0.07795405320638044,0.0,254.0,254.0,254.0,254.0
case_00274,217.3176336898396,8167.261585468067,254.0,254.0,-2.0038433733881917,4.97440881965648,0.6202352063116627,0.772166449165292,0.0,255.0,0.07333678901204767,0.0,254.0,254.0,254.0,254.0
case_00275,225.85194908645278,6580.340571156105,254.0,254.0,-2.4433537550488498,6.913954182524098,0.6200031385757799,0.7581822564528853,0.0,255.0,0.07056559624556809,1.0,254.0,254.0,255.0,254.0
case_00276,208.68578111073973,9646.968332066788,254.0,254.0,-1.6683149328806457,3.752035596986173,0.5437085228866478,0.8780990929809998,0.0,255.0,0.07637021250648607,0.0,254.0,254.0,255.0,255.0
case_00277,204.18251866087348,10355.149605568085,254.0,254.0,-1.5204096608561224,3.2842197322497086,0.49580279582021075,0.9775818264242073,0.0,255.0,0.07805456390211152,0.0,254.0,254.0,255.0,255.0
case_00278,199.47971827651514,11056.950341128237,254.0,254.0,-1.3820685402551482,2.8859789682940375,0.46399433734456996,1.0182683510712796,0.0,255.0,0.0798947260814612,0.0,254.0,254.0,255.0,255.0
case_00279,172.353430258467,14193.221562737503,254.0,254.0,-0.7638098908857882,1.5709778260194953,0.4235939375066883,1.0879530538920819,0.0,255.0,0.0924691630831426,0.0,0.0,254.0,254.0,254.0
case_00280,196.62590017825312,11455.323932807769,254.0,254.0,-1.3047736218987294,2.6800257552558944,0.4697278270821276,0.9987340220139487,0.0,255.0,0.08105431398437868,0.0,254.0,254.0,255.0,255.0
case_00281,209.51014636252228,9503.445578066854,254.0,254.0,-1.6964021628407764,3.8457852483078314,0.5561734263130237,0.8893206641102882,0.0,255.0,0.07606971656127938,0.0,254.0,254.0,254.0,254.0
case_00282,202.60733149509807,10586.1918091948,254.0,254.0,-1.4735261445227177,3.1449872939502272,0.5230388242130065,0.9291213673706383,0.0,255.0,0.07866140545311323,0.0,254.0,254.0,255.0,255.0
case_00283,206.62980573195188,9976.301092697022,254.0,254.0,-1.599131913353708,3.5277995491143415,0.5256081574796063,0.912383184007373,0.0,255.0,0.07713009937774323,0.0,254.0,254.0,255.0,255.0
case_00284,214.03652517825307,8745.486625546535,254.0,254.0,-1.8664940390770868,4.446988704651745,0.596923489803813,0.8086108645009669,0.0,255.0,0.07446101751668938,0.0,254.0,254.0,254.0,254.0
case_00285,186.95387547348483,12693.24462063081,254.0,254.0,-1.0680059181892378,2.123034635850177,0.4487609664587158,1.0197536697649838,0.0,255.0,0.08524764415899784,0.0,1.0,254.0,255.0,255.0
case_00286,219.22681887811942,7855.469669218452,254.0,254.0,-2.0848091420378965,5.302956596095535,0.4840322744476394,0.964418996028561,0.0,255.0,0.0726981193818705,0.0,254.0,254.0,255.0,255.0
case_00287,204.46823320521392,10314.34016626404,254.0,254.0,-1.5303173533406993,3.314188299849672,0.5140507146534323,0.9227216041065514,0.0,255.0,0.07794549402945018,0.0,254.0,254.0,255.0,255.0
case_00288,221.515707024287,7398.1448666737615,254.0,254.0,-2.2040935469735095,5.810481826232963,0.6632754917896743,0.6991450555219375,0.0,255.0,0.07194694075920248,0.0,254.0,254.0,254.0,254.0
case_00289,211.47206592580213,9195.097931560918,254.0,254.0,-1.766468170750359,4.086498198507236,0.523277256387931,0.9153156548171381,0.0,255.0,0.07536398427251888,0.0,254.0,254.0,255.0,255.0
case_00290,218.1368981172014,8025.163478432117,254.0,254.0,-2.040822684870396,5.122809553781525,0.6186165089521456,0.7615494421196926,0.0,255.0,0.0730613554518701,0.0,254.0,254.0,254.0,254.0
case_00291,211.8225863413547,9130.285017494083,254.0,254.0,-1.780336707561491,4.135285729145826,0.5521532071605219,0.8720072804162888,0.0,255.0,0.07523927323229804,0.0,254.0,254.0,255.0,255.0
case_00292,215.98462747883246,8412.66760697463,254.0,254.0,-1.9458831035257587,4.747284469359398,0.5846552519904364,0.8161996224221613,0.0,255.0,0.07378940638759658,0.0,254.0,254.0,255.0,255.0
case_00293,200.70745334781643,10866.356748970073,254.0,254.0,-1.418874221016136,2.9881978564739007,0.539953892005962,0.8788839637798866,0.0,255.0,0.07940600702501324,0.0,254.0,254.0,254.0,254.0
case_00294,206.06557834781643,10065.340823818495,254.0,254.0,-1.5805013025108106,3.469045344968476,0.5163854772646177,0.9272594813159096,0.0,255.0,0.0773412890124165,0.0,254.0,254.0,255.0,255.0
case_00295,220.829935801025,7546.250317524859,254.0,254.0,-2.166067499939231,5.645656453475755,0.5635667962098446,0.8382837502986538,0.0,255.0,0.07217036672450662,0.0,254.0,254.0,255.0,255.0
case_00296,192.91117995209444,11940.898730393912,254.0,254.0,-1.210708855380129,2.4453865670131885,0.5145727533974055,0.9171370449737283,0.0,255.0,0.08261510532705751,0.0,254.0,254.0,254.0,254.0
case_00297,207.33345560383248,9860.207399807292,254.0,254.0,-1.6223720135851762,3.602065911922009,0.5396051557223673,0.8967275116605038,0.0,255.0,0.07686833465488543,0.0,254.0,254.0,255.0,255.0
case_00298,206.03308475378788,10064.357873827461,254.0,254.0,-1.5803479549664485,3.468552373147374,0.5470942170499963,0.8763197168967363,0.0,255.0,0.07735348655073818,0.0,254.0,254.0,254.0,254.0
case_00299,220.74842747326204,7555.249604452685,254.0,254.0,-2.163049510200358,5.632675076913788,0.5901563627315677,0.8029039741557087,0.0,255.0,0.07219701464210715,0.0,254.0,254.0,255.0,255.0
