SubjectId,GLCM_ASM_Range,GLCM_Contrast_Range,GLCM_Correlation_Range,GLCM_SumOfSquaresVariance_Range,GLCM_InverseDifferenceMoment_Range,GLCM_SumAverage_Range,GLCM_SumVariance_Range,GLCM_SumEntropy_Range,GLCM_Entropy_Range,GLCM_DifferenceVariance_Range,GLCM_DifferenceEntropy_Range,GLCM_Information1_Range,GLCM_Information2_Range,GLCM_MaximalCorrelationCoefficient_Range
case_00000,0.021340206057299582,201.9672348594202,0.11682406623600805,124.67799221759924,0.018626956206143408,1.013651665555244,600.9402350787423,0.06376948952720052,0.09850431474720767,0.00024439764539761896,0.17124881903491485,0.2906319150370395,0.14872678824810714,0.3270512724505331
case_00001,0.021472990119529967,314.56297909306755,0.16523071077610385,155.17059880617307,0.023496226010707777,1.262945387960599,911.0405231079494,0.0639198199382871,0.10705016531377642,0.00028502469572896797,0.18463829846994628,0.2378738997642148,0.1379386467617103,0.22637416507315533
case_00002,0.020711753107606756,268.34796623940997,0.13197614668206514,121.35732770119648,0.020411649034069113,0.9901953337198961,661.0830019478744,0.07692732055895313,0.11468985338417137,0.0002567844190406506,0.17721868654052758,0.2317985905147033,0.11005531162590221,0.13262859331982457
case_00003,0.021280470319746114,204.40138840535775,0.08647473035889264,84.20044694480748,0.018705322903706523,0.6872871453317657,526.0388692714332,0.069736193087242,0.10545253022629764,0.00024082697218433388,0.1629294852614547,0.223163821120843,0.10747081016105553,0.20640645573737115
case_00004,0.021508837871086373,135.1845035294991,0.09586563859814956,74.96114864294941,0.024979193527812082,0.6049164366571631,380.9018500933598,0.08428533151744821,0.13239769431642645,0.00033577477627494325,0.21836947234742965,0.31064095294868904,0.14922493625309408,0.19830167211894267
case_00005,0.019921917499034603,174.78382896186264,0.12284618467573605,95.78211153882876,0.01826013938763693,0.7714738674566775,531.1506034643389,0.057977872804544806,0.09260545056363423,0.00023565615652982935,0.1545031617902723,0.22564342900779044,0.12030794301443315,0.1954923468580938
case_00006,0.016771033582212436,491.4227676623568,0.14416759655820477,342.1453857850356,0.023772127270931698,2.873674301795347,1780.9621719442657,0.046878968080701466,0.08021709503011665,0.0002695400348092752,0.1865423715689235,0.2194315584735183,0.12525083262142833,0.21551420785325626
case_00007,0.028312307287972627,78.91366892570642,0.07610610827583675,57.94068004242581,0.03040907157379391,0.4371162204071197,308.0029557306261,0.10397705221342468,0.1637712910276382,0.00041184142230638824,0.2534099635616327,0.3425944736448872,0.1633894627766922,0.19909030753475654
case_00008,0.016598967220673,520.7210194640627,0.15789826394768225,337.74340474692144,0.0241379255477584,2.8238185932206648,1806.503391202772,0.037777707968453034,0.07740634364540411,0.0002798162148885653,0.20070095123111586,0.2552566856670018,0.14135732999835138,0.26226312235515314
case_00009,0.01746410618432781,130.66253017876573,0.05304152203766088,121.06101008647966,0.01869438025273973,0.9950249228479038,585.8793234589393,0.06374679674095352,0.09624353182143297,0.00025526030304646573,0.17927185557740938,0.28737825515001525,0.13308750759539267,0.2498242251808409
case_00010,0.01431662222927077,226.14992895705362,0.08340741342971814,189.86901389809645,0.023297161745302386,1.5533768751410548,985.6259845496097,0.07851183349354829,0.12138441707701941,0.0003090274510279688,0.21817261140070704,0.2890660079810806,0.1246202412665185,0.15888077736111383
case_00011,0.022599436950350382,544.7071361676994,0.11110032704054396,196.69739188095264,0.027575914119222666,1.6855088774290152,1257.2292727809108,0.09888496091110888,0.147780498970828,0.00031471817242265067,0.2172914564521385,0.20328071210177207,0.08344123682595883,0.10210024161615472
case_00012,0.015595677787296425,235.35075765168148,0.07495972120171002,218.05891617284942,0.018774691623515527,1.8130597735489005,1068.521904585592,0.05164027870872567,0.07974703850001263,0.00023360286778052308,0.15606979297701978,0.20191522792222544,0.10717543224827997,0.20303990521261805
case_00013,0.017259468804589506,188.20133818767897,0.03607263973449981,289.21455438875273,0.019517415182030096,2.5065005198507606,1337.7273937196296,0.05726595610347873,0.0860627199538837,0.0002501310448502678,0.16351444344710053,0.1917935271000043,0.08741443865006127,0.22970571092815473
case_00014,0.018188786898647225,281.1545051585788,0.09105265631789605,176.27179208167217,0.019072822765023867,1.4685408026311961,969.5714293933706,0.059542119859264275,0.09370448249144636,0.00023003990394985553,0.1543217551436905,0.17952640950565607,0.08887189093520464,0.13864488019658305
case_00015,0.02518834363466682,157.68063977145707,0.05307017209123144,180.46890102733596,0.02570119125439141,1.4928145711600678,848.5046155672753,0.0822960842784668,0.1320482037428775,0.00033815146452028256,0.2091778219457799,0.25143501809688135,0.11562390806800837,0.20529432679480986
case_00016,0.016985058855274127,638.4852057044013,0.1201315892324406,274.80746562619606,0.02575884166305331,2.3806096295130033,1696.1058154236525,0.06337044543756964,0.10144386613730538,0.00028454229114133634,0.2086092350697995,0.2222154590460546,0.1108294139542183,0.20499187940710584
case_00017,0.02393878573096475,382.6370923438415,0.06532799379058885,340.9515147785278,0.028966784536388457,2.988595056055317,1731.4230690475088,0.06915948880170841,0.11519767497112365,0.00034861886727672806,0.2255853041064168,0.22283914622197232,0.10048597588335462,0.19106512650901064
case_00018,0.027619356790711924,163.1828297634175,0.08275916129317618,109.77221275930788,0.021688623711075383,0.8938335955865,602.2716808005353,0.0819631823007031,0.12370606396073092,0.00027948494607927437,0.17594871056676337,0.22189333693351193,0.10825082392543417,0.17324435296476792
case_00019,0.018654367294720586,233.21353634724795,0.08715351533158544,166.47021971417416,0.017943442468840387,1.3736814621417466,876.623475006636,0.05858682679762861,0.08789281690245776,0.0002240621126124425,0.15281840286241066,0.1973620398875996,0.09902416859743102,0.1587047970342228
case_00020,0.013831887538124032,218.7146733372704,0.08300603837825415,213.8007578802135,0.01703431266068922,1.7649851091030087,1022.1283520006109,0.04888852662731358,0.07673183654084503,0.00021474889406199182,0.14412185783071613,0.1909293378298545,0.0981857693399234,0.16508099135661058
case_00021,0.01808201611502802,293.0882267290533,0.1362829918732117,113.38044764028018,0.025420434002961123,0.9089978204781914,744.5357644453179,0.08836138385000325,0.1352137629327267,0.0003322031578347289,0.23852527480802477,0.341067688366627,0.1553209902178453,0.21068807397535516
case_00022,0.021609641930148693,351.0857456062012,0.20325462425998675,124.78553707167157,0.021487349807384315,1.0101638777207427,710.7689853184565,0.07174045807818186,0.10953649543512645,0.00025829901775321126,0.17785674180494854,0.2315841624400639,0.12301375504950218,0.15063934537681478
case_00023,0.017651218402651603,174.70044340190623,0.08125362657747282,121.10517009126488,0.017934949756055585,0.9793630116672603,651.4467137309839,0.050795384658620546,0.08559529123352572,0.00023305921046117136,0.14426313438320088,0.19639472147427517,0.10894186962103669,0.2021127417494315
case_00024,0.015487612012511143,185.65803303105724,0.04440298183938496,190.7393366233955,0.019105853820508778,1.6139916530806317,948.61537952465,0.05294057456193091,0.08161912377988689,0.00024556265094289546,0.16061310440112236,0.18511644704112984,0.08481221631447611,0.14731750719190762
case_00025,0.015562252997320614,237.46886651791135,0.09339854268864245,106.33148306226212,0.02331390763342278,0.8726021867122995,644.109363954718,0.06108062964271599,0.10427678006373164,0.0002954797628306211,0.19353127899270423,0.25075669193775113,0.12811734145969755,0.21414445862634002
case_00026,0.019305224740362004,539.1692265613847,0.16221281995043335,311.2054400698107,0.024835639911640173,2.601158490735486,1611.4171208521584,0.054214820193487445,0.08696096602728931,0.00028545170498270713,0.20436535012777401,0.2541554218994228,0.1402346287122348,0.2514788147970275
case_00027,0.01380946513969239,194.45130850360158,0.08885796773598742,133.92718598020292,0.0148948519124954,1.0953842796051845,730.1600524244423,0.044424117911011196,0.07275172770060123,0.00019280815460045704,0.1273790301180902,0.181017264086697,0.09323465843673684,0.1928658408274322
case_00028,0.022585944445652206,187.50222833460538,0.10462858229187988,198.4553331088464,0.021185784119946982,1.6088543307105851,975.6718514971144,0.05945432188477351,0.09414797385308904,0.00026569545771439875,0.16647301264523934,0.2267736885858193,0.1311053138991517,0.21516823259118023
case_00029,0.01705876033854048,342.3815134472131,0.1308395296924052,249.14515082853177,0.01957834088084809,2.0554142777343714,1322.4228217596537,0.04181442903785437,0.07487662230764625,0.00024072056092788296,0.17601967028407353,0.24441740778744547,0.12416317065413485,0.18105110537707436
case_00030,0.024951063146352537,349.48841531345766,0.1977551094672655,218.34910601223237,0.033475641840744585,1.7530732737204744,1222.8848393624066,0.10282667382958932,0.16492220914075761,0.0004310321139004542,0.2886685730251892,0.3829966703331281,0.18763511078340167,0.2387455474951511
case_00031,0.018929728144776226,192.84087341073578,0.02268071178921216,478.30413608381787,0.018633964990521834,4.450053616106686,2106.057417745935,0.045142787539404816,0.06165611231538226,0.00024310965388601958,0.16440380513778766,0.1657945448946535,0.06881549064202652,0.16935769101206366
case_00032,0.012381519449831235,210.03170729464438,0.07670632364549779,161.67598827425536,0.014763026034857685,1.3377185581468325,833.0538569048513,0.031786457937315715,0.05526348275886139,0.00018727169245223328,0.1353988598242813,0.20967605574666665,0.10964765728911052,0.24306667549823313
case_00033,0.018160907775349067,280.3167649956822,0.08793293148894843,189.38279243597208,0.01811224943453893,1.5781755670175244,1030.3222842425457,0.05492593412653446,0.08206469786584225,0.0002202797451804051,0.15137526281293046,0.18567532781641521,0.09365110373091734,0.158686330536557
case_00034,0.023155676473653464,523.4797682618004,0.19720758257315574,208.41464234326122,0.02566715106967432,1.716539538672464,869.2430327009351,0.08782075642709541,0.13368663355820543,0.0002906257761754096,0.2013629520336504,0.2206350681662126,0.11368771410944412,0.15511104101953288
case_00035,0.021326144757094045,145.0474915355614,0.0860790263397827,130.12708779358945,0.01819664416575073,1.0545634174056318,665.5558427100768,0.06207254071892132,0.0932688157713919,0.00023791113620630008,0.1536056256333279,0.2089553250394528,0.10346811921591814,0.14672198437333583
case_00036,0.019807215701048375,486.4797374943651,0.14704297492844765,245.4943017077676,0.023448154677453314,2.053050831930136,1369.8906485890911,0.0648271044708304,0.10522754802737944,0.0002673942580662578,0.18786726789859576,0.2092807606653896,0.10679713573319483,0.14480323907823722
case_00037,0.020117012700069825,187.27220611378684,0.1467949904690654,117.1642971839101,0.017409701964154478,0.9403929689198662,610.1133120509039,0.06448894292576657,0.09720300709995233,0.00022023967302471983,0.14547201101875967,0.1950856833673451,0.09880935663012491,0.12320878536604674
case_00038,0.020048590969935498,342.2395843518934,0.12085967657927421,200.88070505666838,0.03543218071340026,1.6297224062520854,1141.6190046314732,0.10028781171911083,0.16642482177241802,0.0004594338361520985,0.307299580215347,0.3881436466056745,0.18288195645394278,0.27801519304190614
case_00039,0.014021903742373887,426.1442223221302,0.1247581280754042,167.25673042027483,0.021348521809552157,1.3900408720844553,1090.5639532803034,0.057712846259774686,0.09150105386350027,0.00024744792161379833,0.1754858548894131,0.20938590378048966,0.1090034188730713,0.16920225524749555
case_00040,0.013562513426898959,656.0458406125407,0.16417704919754372,300.91342470973177,0.02236989075487361,2.557037407729979,1851.6825591375818,0.05921513944792234,0.09614614528116505,0.00024355106712274947,0.19149223578542718,0.22856132420377234,0.11249059585622545,0.16605853984801877
case_00041,0.012595486689633839,353.54981610826354,0.12850096778407882,211.82568370801891,0.02785995885520487,1.7294271636698113,1200.8525509401516,0.07115669034978933,0.11841521527040422,0.0003595761494820135,0.2537332149466683,0.35946138504192093,0.17672413359269246,0.2833439813690153
case_00042,0.021922482005643062,151.5368047257542,0.07409342285447262,78.7021591831508,0.017771333354481222,0.6399628794345631,465.5188663826557,0.070100877282123,0.10439579838720481,0.00022768781833435803,0.14427880825775719,0.17576692257780996,0.08335051019902107,0.12402583657369093
case_00043,0.01917445476629065,706.3200800061835,0.1416887211821909,384.57500205489487,0.02668666995856317,3.3265552710688553,2241.0927296945592,0.06338270101233923,0.08637624315841053,0.00029311732586013214,0.217422889057987,0.24559111141851753,0.13082685454615273,0.2795826226485135
case_00044,0.012384593372109731,176.58666892208555,0.055869529219614855,193.65488828803063,0.011199018770784774,1.6144758398808676,946.865891956928,0.04062636602685221,0.05604081547591966,0.00014522671467220773,0.10638907354211513,0.16749121017854063,0.08665670128245517,0.1966543458900436
case_00045,0.02948043999301786,82.63959492836585,0.10762597659850937,83.12837079778546,0.027689048168045405,0.6356044593064212,415.15307811950333,0.1164661515190617,0.16964061795717145,0.00037348940834604173,0.22979759819852644,0.268425473322211,0.10834903424716791,0.09004623929471411
case_00046,0.016771213721988865,188.4032751254013,0.10084497452056707,98.22499155304831,0.014512122212988698,0.7970851453363252,577.618014950538,0.044552525975112056,0.07105686499486918,0.0001854041191128434,0.12822478820352784,0.20561119480011253,0.11422483106657977,0.2509226617089586
case_00047,0.020296237269226913,478.0537718414362,0.14826636099996393,280.3742899597928,0.023784866248868775,2.337626295072596,1469.1663377583318,0.050093034868942454,0.08249255357951724,0.00027672174642361146,0.19760858354209532,0.24716908599773274,0.13531996734878615,0.2420708552509575
case_00048,0.022231721840535235,215.72355081842719,0.11505254063300252,92.24220343877096,0.018891272493001376,0.7513533479739749,563.5318845332367,0.06592409080015416,0.10148758615188547,0.0002371110161714222,0.15263486109957847,0.18722989380792698,0.09342027332860436,0.13108686242294731
case_00049,0.02109202769430152,351.43536172847104,0.1498109801507418,156.6083581911298,0.020078803070924245,1.284750632775797,838.868471797934,0.07633299508227287,0.11256717311177078,0.00024267950659803,0.16611019022563878,0.20298934234068777,0.09974038837897792,0.14422370334585066
case_00050,0.01821072358024911,153.5018210179817,0.08598939661034177,151.15931826340966,0.02031384540402792,1.2228280148542012,731.2224292832543,0.05760908757031069,0.09615535790071139,0.00026197037616389803,0.16634506801091264,0.2208880445282212,0.11378258396638363,0.16550086966167932
case_00051,0.02183212538939905,70.68034447700242,0.1086267274479823,68.0607005517013,0.0241494436261539,0.5214371817331198,342.92314668383915,0.08434609418495065,0.13090677964858743,0.0003387040459515529,0.2271414882473435,0.3865871416603947,0.18581183548739721,0.23910835646671658
case_00052,0.026528164057975867,190.95769442681836,0.16400534128486144,75.54356681282661,0.02126080623852078,0.6044120117416014,391.0527075836435,0.08132894124266099,0.12022311236955452,0.0002748102459306707,0.1803096746668736,0.2554596583508878,0.13063268146583384,0.16341146478059865
case_00053,0.02665012856244242,211.01513100600116,0.10745259146885633,124.93694953332306,0.02100250930403491,1.0179666043754878,707.2800884129247,0.07933372862897314,0.11965681552038965,0.0002662210062763428,0.1638239236562386,0.19550243341067924,0.09581622009142599,0.14452332631687737
case_00054,0.01729475669708258,143.14790147263977,0.06577773024183486,123.12401457798842,0.016551739701365142,1.003097816515094,635.6439597846766,0.053971148113236334,0.08196611553848687,0.000217522890274254,0.1451380971143123,0.2005535132929333,0.09655887423954856,0.1501816908024033
case_00055,0.019153638557461883,331.3256315775659,0.1094127369056308,181.74894373673305,0.0178580014977322,1.5099390066799856,926.3756593617436,0.06884145778539019,0.10118295635378738,0.0002204727582462364,0.15364118531624404,0.19717495034706012,0.09795397379333182,0.17499132630581382
case_00056,0.02036182849992585,115.04510927153454,0.046940760379453716,148.8625771285224,0.02035714263500321,1.219891387606026,705.6931495719473,0.0703471070584516,0.10984817074887188,0.0002639279538612662,0.15968070955472474,0.17707929507670095,0.07665865072397471,0.0933167128579655
case_00057,0.02712570600421793,171.05049305656996,0.08052855107771217,122.95790201493946,0.02695512366696673,1.0033190650676715,606.6625254936516,0.08617378855746638,0.13829881964476698,0.00035397098234249847,0.22015268043162292,0.2884410330883906,0.14297939051977493,0.2436442008245634
case_00058,0.019543317619249878,165.79892527008306,0.07001884295207339,125.2395832485563,0.017328398811199186,1.023841372365041,665.8919540840143,0.0654875008174024,0.0953269170291473,0.00022420091488127613,0.14698432308281273,0.18369311003858652,0.08518391053919072,0.11641722523091591
case_00059,0.018045476177068975,381.47620693932475,0.15014953995287927,169.29757635697752,0.01917394619223356,1.3910015199473946,905.6394795661618,0.06750113242823874,0.09946104509914622,0.0002283252125663878,0.1651333072742706,0.21629371694700827,0.11097605844377012,0.1593451789186
case_00060,0.018836439806438565,533.8593520614363,0.22274088401325154,170.19865359806136,0.02010945088347693,1.3981560838778933,1074.0230426183844,0.06683867965706036,0.09940432607026373,0.00022424044839338374,0.1718961212692683,0.23004253221249493,0.12308481733915844,0.18720781881680104
case_00061,0.034522270449297454,97.96082767056426,0.10130637169136625,113.7790041554108,0.029575184118853515,0.8935591540513883,543.3416589951375,0.15154848084631278,0.20977601965072823,0.0004111643440493067,0.27491303376999415,0.33064238486691844,0.11950100901214844,0.1020897633726674
case_00062,0.014614546182880273,180.50629325985702,0.18054756085125834,77.7124085596879,0.013153849040749344,0.6191130003045942,367.2768903277465,0.05629929705620529,0.0801507672976901,0.000169173688293724,0.1241440765376258,0.19346485076586245,0.08939997085364093,0.08807269170431775
case_00063,0.016488167592944136,231.375326838346,0.10876090818884387,168.06814092304558,0.021286004015039217,1.3737247142559568,797.5124829224369,0.05636400840730316,0.09618471240070592,0.00026818398076400556,0.1724679139526799,0.22781685747207364,0.1214777962363418,0.20989321851130105
case_00064,0.02127482013907056,237.7563232903517,0.07001860839464313,174.0660286271741,0.02476712891409849,1.448005272793921,899.4814310522634,0.07893667284367978,0.11919159749668973,0.00031963335113412497,0.21312579033160173,0.2713880269199067,0.1283278347881902,0.2368531236654804
case_00065,0.020953637029998307,254.1651118056372,0.0898779006493935,158.99778320444602,0.023534009584619486,1.313778296797409,821.5745090639102,0.07082699421612704,0.11434978736916213,0.0002956726283787569,0.1913168231764017,0.2367905311456825,0.1193850952011547,0.22019218638539195
case_00066,0.017185611474359264,287.32672355981447,0.10490530789728969,213.13346959984483,0.02285375434161485,1.7590416054995899,1131.2929309319588,0.0451248630374006,0.08734197206920147,0.00028204179538795235,0.18230034614119023,0.22487178676564173,0.12094655487760586,0.20193835218335165
case_00067,0.020088436380220953,170.46412784286565,0.11103929333887397,88.77731457801565,0.018142634679405023,0.7162023216252464,525.5733861548069,0.06158479161160535,0.09658805966591144,0.0002358197682094873,0.1543985814357708,0.2237545713299695,0.11591128515049287,0.20576519011212846
case_00068,0.019388262602977546,323.1259868496317,0.10056063781455482,239.20739783676254,0.025084475124366623,1.9898067394599366,1182.0845601104666,0.0642634752183453,0.1094610571115453,0.0002978633634162821,0.18800051751319674,0.2085285540408111,0.10946058131866221,0.1689289761685906
case_00069,0.015192133698622157,272.7745971386306,0.05912548478322022,249.00256254215492,0.02285931971295818,2.125413018681968,1266.0659859347506,0.05370013372415894,0.0868050712010413,0.0002779983086658106,0.1774104829312491,0.18545503461666463,0.08860128800626377,0.14748615050055103
case_00070,0.01739146682639503,248.05289261135698,0.06356683040574107,259.4349370872951,0.027424757425980717,2.185924282126564,1164.9494371722685,0.0729021575780271,0.12498441325206633,0.00034437952807893444,0.21536256803022447,0.23870580073486192,0.11127139016115584,0.19056042793476458
case_00071,0.016635994246866348,456.1249298353106,0.14214050230377517,175.15403734750726,0.019925411136572313,1.4546270102562175,1144.8830653956393,0.06894685913623366,0.09706421978818569,0.0002340775852302389,0.17624007255142643,0.23961229719948307,0.11866065460070818,0.2153829335073122
case_00072,0.023224028800940433,315.2871922360753,0.08573797751625378,284.22771043674584,0.020152709968567772,2.389811211043309,1452.1980339830625,0.06411380751191431,0.09460171890779567,0.00024444394574769067,0.16623447839662764,0.19420411818565902,0.09525546306011412,0.14011924441135992
case_00073,0.013864818672646662,339.56822728146676,0.14582946099961624,231.78024348818872,0.020687068182951296,1.8959986637378279,1220.6234910527419,0.033632639084031246,0.06919447451329863,0.00025481531359377533,0.17469365307594548,0.24636901813746126,0.13842686203266374,0.2365950710226734
case_00074,0.013810107979989605,440.95076996406215,0.1456289108963571,241.95252572157187,0.024166244716033125,2.0040287133124366,1369.7033748384274,0.06600298129621085,0.10779744053550877,0.0002880018911388697,0.20264894178165838,0.24296534461733188,0.11835522445488122,0.1546682876246147
case_00075,0.017914716275098996,248.33638446380613,0.12464885785673807,230.8027427263005,0.018805721597337954,1.8823782199588663,1087.1928378813318,0.06360843391577775,0.095068983473239,0.00023480912367970178,0.15763742100365502,0.20483832072674107,0.10412057115229689,0.13176858072492925
case_00076,0.020386258018698866,375.4997168280818,0.11312595964066374,205.7295352647343,0.024210745138447454,1.7135133169953178,986.9576949201291,0.08072620368897876,0.12083048065678526,0.00029647185018913825,0.20284840951086558,0.24770041894388473,0.12075675802832586,0.22133781438185685
case_00077,0.017195409780771165,390.17515104328675,0.1807659234354576,218.66072947299836,0.019502503066330945,1.786122976725892,1215.8303851312667,0.06567459111613716,0.09671313407681614,0.00022905778938270283,0.1651062145479229,0.21213037784122846,0.10935585458392738,0.1257227261347056
case_00078,0.028803456432924368,174.63410936782338,0.14723709663290863,86.38472129650472,0.021203453610533884,0.6943460719932659,514.949688034103,0.08268617003602596,0.12361639387950774,0.00027173540941646855,0.16998812627433446,0.21666287534838918,0.10900638098512405,0.15326334315615653
case_00079,0.021276735170835614,415.30204850933404,0.17898866791323942,354.8388755721098,0.02654489522404957,2.912666774352374,1788.0566095814283,0.05497109242364018,0.08711519835085879,0.00032246592283383026,0.2219037736769999,0.3001376906393375,0.16722119887107345,0.2344818658072244
case_00080,0.019377127934757432,138.7994817535182,0.05323642695322639,192.7754569774479,0.021892996147714117,1.5803102457495015,909.9013096633425,0.057803813106115154,0.09242745124695895,0.0002814759617548227,0.17173423147368105,0.20732230169622623,0.10371161245566607,0.15545343756808394
case_00081,0.02110100082856281,159.07752591918495,0.0982647252592993,91.9312101995456,0.018129883784624656,0.7422212101549803,525.4142835523526,0.07389559655962774,0.10864666323587002,0.00023663364707199493,0.15345186155027585,0.19023688107703074,0.08440017707302461,0.09663879385873175
case_00082,0.015057304624156664,263.05228355512065,0.08631511832616112,185.12422977040842,0.014359714017149527,1.5419060655679573,1003.5492026368156,0.052367641008710164,0.0767934210662784,0.00017638636349159072,0.13161457584036476,0.18342803065687574,0.08886796533541985,0.15753808556795101
case_00083,0.030966364521915923,119.18261676765754,0.17584291206426494,56.2544801955446,0.023063309235444973,0.44329523863501663,333.4008073269797,0.09654893417154065,0.14111882022097255,0.0003084071523393188,0.1956063986472108,0.27297019370103154,0.13060010677933276,0.14969725431669068
case_00084,0.01937386502135785,216.62549331087857,0.13911175635778883,97.88694862450939,0.020552458945690355,0.7862511002072097,596.4157213082653,0.058556391006042374,0.09734335091878488,0.000254716342927154,0.16119333930319607,0.2019454514010008,0.11013075039382081,0.14601215750020902
case_00085,0.013481162519546008,185.92737779744945,0.06488589980557569,243.5357705971328,0.01688165389122709,2.0179436188145132,1151.957788150321,0.04296738377245546,0.06549831216439495,0.00021742364453321804,0.14601403045832245,0.19723013249198773,0.10042238507203605,0.16053573202199156
case_00086,0.014304466617479195,366.8729115293928,0.07740452243571538,271.79365563698957,0.018738506550127765,2.3360464466752546,1432.802595214278,0.04838744985343357,0.05945073985927407,0.00022423231387965837,0.16060813449475536,0.18896772058018618,0.0949458131419243,0.18467032589728904
case_00087,0.02142983651543451,148.883456951293,0.06097976277742945,158.42076684877247,0.027880481993785455,1.2965096461505254,722.8640920738981,0.09318827088213111,0.14711989080554977,0.0003670559364981011,0.22824117962037935,0.26500000880327534,0.1138703645561896,0.13982683162139842
case_00088,0.01034593131425443,183.29602937558604,0.04896389712696103,267.17225296995457,0.011343266737498747,2.248691719979206,1251.985041255335,0.022811234587924334,0.024823897201337708,0.00014761361384506766,0.12103577565267819,0.2012626920734064,0.09885852389916172,0.18289843299982544
case_00089,0.016311482684618905,119.14927909620675,0.07107132292142593,46.83903465899493,0.02059275622143686,0.3774090388850482,298.97527807432925,0.07310441404497925,0.11274720713912745,0.0002761159012211532,0.18000261331680412,0.2353691560432215,0.1049488877876893,0.12041307872959883
case_00090,0.025386782007248754,217.23606347690114,0.07879003113374372,99.44956309113331,0.022769235609648608,0.8211891845705281,565.6845216592774,0.08872061007323218,0.13171412039807573,0.0002966592457802381,0.19994569237086413,0.2600197489602685,0.11664123267844528,0.20262800767536127
case_00091,0.02352626704190708,499.35506046126795,0.16305451731033804,189.32103267923958,0.02304590167344367,1.572418895950932,1000.1457810325664,0.09742256095707236,0.13733681783676976,0.00026855325793246915,0.19040527012383024,0.2057594113216799,0.08829299331155516,0.1000774240799851
case_00092,0.018585863285771054,440.13428005562486,0.11076770571799321,246.42484874781803,0.0288002130313737,2.0772503282302637,1259.4037734821322,0.07819187414881412,0.12936310247005456,0.00034197102837301655,0.22352664185499055,0.22910441135740817,0.10767616421015613,0.1498938081088519
case_00093,0.023285092903869375,225.39867682338956,0.1460202680931354,135.23053040001105,0.019842517985189767,1.090728719037088,635.8260867126228,0.07288064184469789,0.1097602777899035,0.0002527208990596528,0.16603392423990865,0.22726939590787093,0.11657715453739959,0.18209360488309523
case_00094,0.01877216638400858,60.86010397061069,0.04361908286134486,140.8586940669993,0.025605948579744853,1.115076135911977,624.2948802385654,0.06660507140618921,0.11711072090838803,0.00034975158359220855,0.2151035161070648,0.3071068686255991,0.15316064153916786,0.2138210538600589
case_00095,0.022106704873602,151.8095342615776,0.13399107080634354,117.28557243596879,0.01810742342966576,0.9362936481987276,618.4655306852073,0.057605887732916417,0.08867555548441886,0.00023453201292860347,0.14748154802392532,0.21639129216739555,0.12183826885200577,0.18297862325588632
case_00096,0.017532069442174447,478.8209182572044,0.15884445827774563,191.64574049400835,0.019366614583690045,1.5874604859250212,1181.111211269017,0.06769133125407067,0.09612806160669607,0.000221672147007954,0.16478530269765845,0.20878334546535932,0.10989394093032179,0.17033449058992445
case_00097,0.01585205793246236,346.3589080288483,0.10108593249387732,264.27912486816786,0.02211018040462509,2.2154580490648073,1339.0136342441838,0.058077447354822676,0.09703208599940716,0.00026844478459278273,0.1837470764074386,0.21775704059808604,0.10578324634400116,0.15505882564373108
case_00098,0.020722707129797624,446.81220505108274,0.0963959819402459,133.78363024788268,0.02199156387464818,1.1444069640535872,895.5671191832516,0.0815360454428462,0.12129272707983618,0.0002559354087824082,0.18296725015274712,0.2030340469306764,0.09298446661262494,0.1859117410827682
case_00099,0.017257652573788973,377.8746436970671,0.06994123482428594,338.80044200250995,0.02257314248855502,2.946625002088126,1590.2203841855808,0.06062774626144474,0.08265604109227409,0.0002728465058336369,0.18628208489243414,0.2004422723579229,0.09564573023669642,0.17634938642874365
case_00100,0.019607378757085736,248.57144079215755,0.08646463664445403,124.89913689326204,0.018744881423290005,1.0326708249603485,748.1679883651086,0.06297348211716147,0.09823309084140752,0.00023499257912787137,0.15328475647035117,0.17786138700829512,0.08543345585436135,0.13078998407864573
case_00101,0.02011760180726796,132.93206415910666,0.07168925787252356,131.70217151151155,0.019679157399952407,1.0725795688488233,658.7742019978468,0.053669584463690634,0.09146586282254421,0.0002597297475898969,0.16492027011802285,0.24447517804919222,0.13039642572031085,0.2772865570133324
case_00102,0.017334754233044314,256.6424139521928,0.08957660755522401,152.2693945176943,0.016696842885219665,1.262640990715738,860.9071360602102,0.061947483048391816,0.0928915676590274,0.00020591593591273803,0.14109760829629137,0.17422959209850497,0.0822697864941111,0.13395831340946107
case_00103,0.015793474948026742,328.41051520937947,0.1447476330103874,193.90527306313743,0.017727981497520306,1.5927062370295175,953.0160581928212,0.06278560430638191,0.08750288269027451,0.00021515195854045687,0.15750380082047655,0.22878077967939142,0.11612126721367999,0.18696923667407794
case_00104,0.016829784397797476,365.1215729440294,0.11546683822937787,211.31219035453978,0.027298849378075363,1.7579247293157891,1210.3703343621746,0.05805533013754216,0.1094793738300357,0.0003224623637966919,0.20475433244731983,0.2249076101927862,0.1209293313658476,0.18430390850862077
case_00105,0.0170162245268346,149.2321616074265,0.12380319875601264,132.26438600617257,0.013062418146553845,1.0616918887544102,674.0498602930456,0.0533146812808617,0.07628816949729256,0.00017319977920146438,0.12259530039380839,0.2116538294552302,0.10731517862975282,0.14974640238755343
case_00106,0.024825858485687524,164.98564845544547,0.05171666682811493,291.77324282511836,0.0171842349262582,2.4322242353040338,1293.6585440717754,0.08309513803617452,0.10779224405808607,0.00022694447784012053,0.1462440480112185,0.18460263310720226,0.08858835065454596,0.1341333921970006
case_00107,0.015258196186362039,295.92834659840736,0.0810005340721518,242.39263072817994,0.018611659676428194,2.0308332756429763,1265.4988695111242,0.060607706313388965,0.08546312820562951,0.00022820211831077334,0.16057464353671663,0.20012841374681672,0.10025799340940555,0.160097945282633
case_00108,0.029281925661059915,108.17231385541481,0.11463849982210961,64.81465302619472,0.027472655062498297,0.5132713825585142,362.48532609755057,0.0953974642182639,0.14915429024661941,0.00036731447616594574,0.22523018956097857,0.3066717407579425,0.1518208565471063,0.19019476106113098
case_00109,0.02248765204274139,332.60062579951216,0.1223538492523416,194.16695129491563,0.02683676773242538,1.597483227385169,1079.4367747626093,0.08214318697821088,0.12960405447624757,0.00032625178463071983,0.21131996690299615,0.2405953876344482,0.11773222837154151,0.15246727100057078
case_00110,0.02727250707589335,91.33911971151089,0.049706804664775284,72.48272466878552,0.03222756541681526,0.55553399242973,379.5790948526992,0.10635727944987594,0.16800006911127885,0.00043287869212933284,0.26391142880489765,0.3271365817929934,0.14936283090022517,0.19589920288926854
case_00111,0.021917780060033643,415.9149509529368,0.1423232532898161,220.29164330266212,0.028024083692973045,1.8271597782340336,1266.2226223516336,0.07620829752609537,0.12764780187374236,0.0003332373582167021,0.22020662285987758,0.24954604691579813,0.12827398184062555,0.17324453214094826
case_00112,0.022620962803544198,319.94378120505843,0.1969918013893207,124.4859912581087,0.02663564181236011,1.008082031864376,779.1085194094048,0.0665684367876509,0.11330136507125221,0.0003262130676369725,0.21247109044349738,0.2888278729846691,0.16980142098153705,0.27737115074331375
case_00113,0.019185766913644153,208.84881842711798,0.04960827412822111,173.39961407995725,0.0270204798017476,1.4653533890943322,791.7945906369132,0.10872714076196632,0.16017733586872573,0.00035400321704442354,0.23115260153515185,0.23691651521619672,0.08430524317334687,0.10531934355093564
case_00114,0.025232225320182433,466.66340597488636,0.1237734302800495,183.75858435717237,0.026717796174318242,1.5487101695966885,1144.9375589358679,0.08670598397797868,0.13520263668651022,0.0003091741579118964,0.19865157902514774,0.2028622230670707,0.10189039724858728,0.1374927930138644
case_00115,0.019698995028511468,480.77581551119073,0.2291348674125966,167.22892878009588,0.025784545569925488,1.3571954832540314,1122.3257377240807,0.07740889701941278,0.12075368595428582,0.0003118043677955082,0.22508612108233372,0.3145377053943843,0.16390907746877592,0.25962399613052345
case_00116,0.014692532102393852,304.38540326762126,0.09602491859780193,195.02003296470502,0.01956795489194285,1.6260940923418161,1015.0292548970319,0.05508132907426644,0.08961750734160989,0.00024080134512876033,0.16712610478265288,0.22121046741895023,0.11215876487714593,0.2253319835480979
case_00117,0.0136093070718315,112.56317581338676,0.06757568572511452,61.13635638158303,0.02277902087700312,0.495112056411358,323.0036065519089,0.056176374843893484,0.09801597755481062,0.00031208187218808615,0.20864548363731503,0.34230050613660445,0.17411774143720127,0.2898697132800656
case_00118,0.018588922612998715,388.7348378587061,0.1406428848424559,141.53738847233035,0.02265190203184464,1.1674033588004136,734.6442780796206,0.06585529572984117,0.1063594637578158,0.0002629109075802075,0.17569656966416836,0.2011669043263994,0.10935572501687041,0.18023855423838198
case_00119,0.02369170457519798,190.66819871291244,0.04335174497254113,255.60586027744284,0.021879361933478836,2.1740193467120434,1213.091639822669,0.08363876818610283,0.12372197147142772,0.00027946231831791095,0.17166304946604055,0.17728238172744326,0.07476712585349576,0.11431979336312004
case_00120,0.027770137218697033,267.29271903842425,0.0702486341911227,107.22159012672637,0.02429487256945262,0.8981685275269342,684.6521710556408,0.08661515384336638,0.13299222606150796,0.0002967557391273172,0.1840370557329688,0.1913784586016975,0.08958688321256325,0.1625784478605764
case_00121,0.00547687550035314,136.92109719845604,0.05176651252549247,242.681942450341,0.013915279736704589,1.9989886450438803,1107.6488669998362,0.02587596084193433,0.049058033806522516,0.0001858276114760785,0.12964981393654654,0.17878935563894405,0.0838588424546346,0.09406017455286952
case_00122,0.03594666362031107,250.6258519661775,0.090462191229571,113.53735062627675,0.03163624403141441,0.9352561276145366,591.5922965680074,0.11740768365560816,0.17759926285482353,0.0003962473450600016,0.24471336251283987,0.26726272446488486,0.1226704219806165,0.1810930146163514
case_00123,0.01490821507137785,173.4170606491856,0.07145959787435086,194.3263762012648,0.015121374364521989,1.599579664049827,941.946756049816,0.04005589185466829,0.05709639275170142,0.0001985970609109304,0.13222011241764509,0.2097684560419792,0.1172181549793817,0.2784691436308099
case_00124,0.013940603934471607,635.4994942580677,0.16441558707501425,436.2498467818732,0.03016405646509268,3.6867519265999817,2380.4988813856035,0.03526206854899738,0.08046222049426188,0.00034530688544492623,0.24135260963374583,0.2850512951499035,0.1610625188599717,0.30320380842557115
case_00125,0.012206805298501489,174.96980210238502,0.10856406770848515,162.7283356932894,0.01269407000976619,1.3148907414076234,825.3708496354811,0.0347594283093271,0.052557160140856096,0.00016288047201516893,0.1161688008463592,0.19706372573673459,0.10822302811271933,0.17511083847847486
case_00126,0.019997994967001942,205.46188206141008,0.12112686025612895,143.96557967465924,0.01913991339397625,1.1662563050228982,779.3656026072276,0.06004505616818423,0.09469652294139874,0.00024096135565062227,0.15547642919287374,0.1950257606033653,0.09833247910503906,0.11809013221817777
case_00127,0.01497720124668056,128.8406727961991,0.07974194971152215,116.99699058980332,0.01614904441523901,0.9472613167424129,592.4168070239248,0.05178294164757391,0.08274580447737512,0.00021510768201357883,0.14356808819760436,0.21836706530981237,0.10891943471542598,0.1806921313348886
case_00128,0.011561703849103266,342.42121480100656,0.12121319653610974,201.88953277215478,0.019234004362715718,1.6695327970683138,1149.9793458896747,0.03075195239310835,0.06534630419445975,0.0002288201420576146,0.15885683962509856,0.21085938892466194,0.12067964449555524,0.21525457996175557
case_00129,0.015077373993494625,253.89606722494574,0.06975736771146479,193.3645465968002,0.02899789681704823,1.5984689344419394,1027.3542536121386,0.06803050731865135,0.12020303972444724,0.00037041536809258833,0.2393969612154614,0.2915580049667743,0.14325639957232084,0.2620923081746047
case_00130,0.017589507737264642,166.5898668913994,0.05296953953455186,221.24259930019616,0.026496646834161863,1.821226674104878,1046.1012709164352,0.06975329974004951,0.1203140020078397,0.0003489902113309536,0.21790121209765748,0.261172439040805,0.12183963222863747,0.18987376521717148
case_00131,0.01743898906703656,292.9312184565603,0.06160250475536477,271.5613405663462,0.022558055035145852,2.331186299032538,1378.4594282762264,0.03737545111306351,0.07363039398519788,0.00028241859802441297,0.18414910736830714,0.21830290016975384,0.11472738353035483,0.15696929320562536
case_00132,0.01950620280322457,144.596440330262,0.07540311030022862,114.70936618829,0.018038589711251385,0.9326338872845099,599.0559417267505,0.059672264444502465,0.0942871335441493,0.00023833043533095675,0.15466240417474847,0.22381210017793457,0.1120130646902272,0.21850468133267542
case_00133,0.012030183107576753,386.1846249814018,0.13070154657672983,185.0033154651319,0.018571748967994073,1.5335720448896382,1105.8958824463189,0.049157536696205595,0.08212321174649928,0.0002208237454796526,0.16559983434256154,0.22468316305681568,0.11249444755179716,0.1856617049072784
case_00134,0.018846228667062204,60.78188324154157,0.041543438443580105,80.28856784207164,0.020374677133362717,0.6327906738899856,380.3017656416923,0.08373992586754153,0.1236350891050021,0.00028662874730769027,0.19293297501396678,0.2767975080150755,0.11638435651569445,0.13623814042578952
case_00135,0.021837105356996567,145.84841236490988,0.06519365008257372,79.97003191472322,0.01894755992481023,0.6518050359248377,461.03770952674677,0.06587181183989632,0.1021258737915417,0.00024655711645625404,0.15721178215654508,0.208354674337984,0.10350469350898606,0.20267902333080468
case_00136,0.018258007059276715,421.4124687346594,0.09307533973405657,257.0962017268612,0.027318520001107682,2.1840364143891406,1150.9476693677716,0.0593699838240751,0.10927877601292635,0.00032051978145156666,0.20450181468620737,0.2128124843043278,0.11041116695539654,0.21302471209926988
case_00137,0.02592919296526941,363.0975437960236,0.11597919101543774,167.2489691116716,0.024063322747103988,1.3877263617051767,761.6276260530285,0.11115873229931417,0.15497587942842705,0.00030057497201112313,0.20639838443464617,0.22035114124602495,0.08302633106252233,0.08806657369753368
case_00138,0.022944185656721627,158.22723785442147,0.06377373226593563,130.46757772935234,0.025764602184301544,1.064021344607454,669.7054337400186,0.07068707079472203,0.12029053985590465,0.0003151642143683097,0.18222039992783595,0.19610625636610052,0.09988997486099083,0.14075085422484657
case_00139,0.018488268052411105,240.47682542812927,0.09866042724031387,232.9148299616354,0.018111755897411985,1.913281362649684,1167.7675891752879,0.05310596213535712,0.07855373940309707,0.00022292693506849271,0.14948835849209063,0.20819000737212756,0.12013487760583719,0.21964587991340812
case_00140,0.022034206530877398,290.46268002303617,0.08598319042535718,136.5846729423065,0.0226381868724973,1.1433557507165801,775.0810127895384,0.0740029661159094,0.11682695336862237,0.0002817382264472374,0.18031851689822376,0.20963746771349884,0.10250738952752658,0.20197932273678587
case_00141,0.022193818092581363,247.9819799639464,0.09592748003048712,213.42847497892217,0.020562430726003278,1.7591165822030916,1101.6958798797568,0.06465336139789224,0.10403593132332722,0.00025733357744496315,0.15674231937548083,0.1853339793427043,0.09985919353036488,0.1761112629296704
case_00142,0.02149061300836297,257.8181347719275,0.10058848245967378,142.92573339705996,0.02118646245009681,1.1765791650873325,799.6134265094006,0.0672920047143094,0.10706982558854117,0.0002670527899471752,0.17832910487014808,0.23812517557056218,0.12137797959431051,0.234359710478519
case_00143,0.019023617387661673,182.87704552569028,0.09846062335044492,145.58331791331148,0.01740886257704366,1.1836123969978871,752.0258666854061,0.05398414357129022,0.08528079329849414,0.00022577882761959508,0.14425192410050292,0.20610079173965268,0.11174080701011613,0.1968495058669636
case_00144,0.014290507996791546,383.0907963387863,0.18626959575404167,136.88169086511334,0.01917731772618625,1.1117832590633157,827.7331894634699,0.04553845435775894,0.07849698750231604,0.0002262975820617576,0.1636964950250286,0.2311501261774206,0.12958720440529592,0.2212199726958164
case_00145,0.02182076180265846,110.89856682579521,0.10444650582512394,61.00697330114053,0.018126725338871608,0.48380758748555763,354.92646003048867,0.08124812332925546,0.11602231618274628,0.00024742757985058783,0.16859487208351154,0.24783415720355972,0.10772979431518181,0.1185305442217186
case_00146,0.02639870026167679,406.2170137678568,0.1824028905671543,177.56815595746593,0.027162961202560565,1.4482564151326187,1003.1575461982284,0.08496236446128003,0.13400223263573618,0.0003197792630456257,0.20546124628751666,0.22955640362180368,0.12136462299368567,0.15315833005828228
case_00147,0.02672593629962372,169.98562411615498,0.10425018716844525,88.43499995607999,0.021254880319007352,0.716304681662109,496.38961766756256,0.078447578666063,0.11907524152170779,0.0002734801410551493,0.17360954582709354,0.22757604394563496,0.11469252110936579,0.17713782121328236
case_00148,0.028053402922666004,122.08986666385691,0.15415509715870945,88.75538279671309,0.02846695480995154,0.6886687175768316,477.1113978505891,0.11343731589583173,0.1684514350733992,0.0003908813602519195,0.2588624435212096,0.37564721202693163,0.16995921112268764,0.18399297995859343
case_00149,0.013474482010214062,494.4954083476155,0.15349529840137288,151.67006581425812,0.02463726477085626,1.2606724729869256,963.6139355878404,0.07015021459223947,0.1133748194922799,0.0002845213878914614,0.20057436996435135,0.22865841375958257,0.11318985776808133,0.14834487298593813
case_00150,0.025702943826045654,329.28726453640155,0.13973143751565797,139.0314750880425,0.02389487640244592,1.1410786108007187,809.4451183434867,0.08938636035795855,0.13298209308230668,0.0002915470634236054,0.1930040405184682,0.22200677952920733,0.10554316778998374,0.11655789267436645
case_00151,0.019858582185941942,579.2209898908434,0.15009579769432213,261.4069244144048,0.030975362855475197,2.2005493995990832,1448.5385129305068,0.07653447437093908,0.13051207423914146,0.0003510715646002976,0.23460633547755838,0.24180534175194118,0.1248276719149537,0.1432560720780539
case_00152,0.025253125589414838,288.0187294017049,0.1001868244918892,115.6452925893609,0.031973316634568705,0.9537886641842874,735.3149230596609,0.11161232369180207,0.17104257847451,0.00041006607184293064,0.2657804813181024,0.3029235425090052,0.132599134245321,0.17695409411604024
case_00153,0.016839469413406194,191.20264823044585,0.07078770077675356,154.71313408477727,0.02703384767842354,1.2679651262109246,711.5929121094814,0.0691282170902936,0.11970076621643377,0.0003380469193218381,0.20425393357970023,0.23132509739758883,0.11355526961601714,0.1548207405960631
case_00154,0.022352472938942713,154.36445140221994,0.15536460396756435,58.518513309551054,0.01915324292010545,0.46720383748737504,371.6232972230064,0.06263634019731434,0.09957336836229225,0.00025091545650142216,0.1638295982937423,0.2590718683932464,0.142366739762117,0.2651253412919514
case_00155,0.020190988307299707,184.17447052645923,0.10920294819277465,133.57283618836664,0.01796588805052901,1.085771984048165,705.1112508923397,0.0632629037182647,0.09655041171392797,0.0002328906598632781,0.15616181596514256,0.23022291479375462,0.1167345580839183,0.2080598606755698
case_00156,0.023425156255225232,155.6150839237914,0.10709729964238224,118.75637240929791,0.017203934756238493,0.958622427364844,626.9037739932246,0.07268023841464633,0.10356171327422548,0.00022589960290345708,0.14833790192447066,0.2062634858095408,0.10037212178849042,0.1226688358137602
case_00157,0.022284089695345788,184.3416833809136,0.09555590421635984,85.73827045127109,0.016535361992261244,0.698565446721318,517.3328834889398,0.07052842093636269,0.10176392081749941,0.0002111050311674567,0.14054676590056875,0.18246964431718837,0.08599967063942693,0.1306502898379016
case_00158,0.02368769601578602,572.7600362373365,0.1402488558354168,222.3442789283872,0.030048755506596914,1.8783086559547542,1448.31931017249,0.0880974614457588,0.1401950510442318,0.00033801841145898476,0.22294809454027553,0.21812961202314873,0.10651031774296371,0.15068464472293064
case_00159,0.01950028211621757,222.04489173411946,0.08628743765991387,146.64456733955012,0.01901197605659355,1.209477010764374,769.1029163683997,0.06348203356133253,0.09920130983540998,0.00023944953239614635,0.1572289677879654,0.20299904870133317,0.102248486930269,0.1941369922467684
case_00160,0.011349749549379173,186.1094995706183,0.05042436432987407,186.6879695621319,0.01941212833114969,1.5570989972872553,924.3851395877427,0.04093546585168795,0.07804389432451342,0.000252548492619777,0.1659252310004159,0.1987603938066247,0.09281703485063453,0.1445429740964238
case_00161,0.019848708479775268,197.76805428987979,0.07634280460200127,127.10674486803327,0.02217380096078947,1.0441798530977735,663.7056585709215,0.07839505436524519,0.12054647415329955,0.000292007178437176,0.19322250709179672,0.25075277557518183,0.11310274391126607,0.18002573352613294
case_00162,0.016694612178069335,168.8844308323202,0.038115029201723716,420.3952501855456,0.015066726001844222,3.6044091561204823,1850.4654315743246,0.04116557779253738,0.042575337619244924,0.0001987190146237887,0.14378977946832,0.20224203241973893,0.10503613420926194,0.21790359053685993
case_00163,0.017885034242522524,181.06303127629545,0.06272934656122953,174.22624524228013,0.016978131092872273,1.4435101014381075,877.9680122453428,0.0492881937059384,0.07737035091855149,0.00021754651581024163,0.14472345657130353,0.20289904527431063,0.10952247055484776,0.24142047735762073
case_00164,0.019760869755198307,187.39281355199037,0.06702570535648833,205.97824249634868,0.020021151478137544,1.69932329578603,1011.3057835374202,0.06420785271965979,0.09600248688387625,0.0002563957014242043,0.1603481944595866,0.189156518175585,0.0900626225513741,0.1289309332148182
case_00165,0.016033126882329496,212.02063275851205,0.1666460898028621,143.8365027283362,0.01871747419950842,1.1518250631146998,776.7556405396026,0.04966584059064716,0.08430632906425761,0.00024054697548716534,0.16112376195072145,0.2335938394355595,0.1220504487536237,0.1070390915550734
case_00166,0.015780426193264585,230.830739518058,0.06767519537585032,146.25249173981865,0.018281754920864923,1.2163612862211721,815.84070647732,0.055473203951996064,0.08590927772058388,0.000230550342884649,0.1548373497303372,0.19912204406658734,0.10301905480093221,0.2207220150202328
case_00167,0.015400485702962818,167.62434360108455,0.08142405933152841,125.77134456445492,0.01712824041155947,1.0226487119703052,670.270758921135,0.04755281468873107,0.07408530220116272,0.00022180850286051884,0.14763830317934146,0.2075972278096186,0.10677932017829028,0.16753590880774893
case_00168,0.013989410121350021,315.3198120566797,0.10210412199959873,215.60641917583416,0.014830822974351232,1.7955055923856662,1174.8079240185325,0.05595649521804258,0.07329112627184098,0.00017912002039370848,0.1386954411105978,0.21537236641911828,0.1116438273958259,0.23619165302289036
case_00169,0.012714992786182489,197.0565512422828,0.05044461012429913,201.59501690118486,0.019453184974217996,1.69218425197721,998.2452620645636,0.03907539293776263,0.06815571968069967,0.0002480292508654715,0.16367868707878142,0.19469927714735502,0.09480303581947991,0.16105503946718436
case_00170,0.017122124812377515,247.76414803283802,0.1868744192890036,182.18204164100462,0.01421367785896488,1.4642951460798486,958.9811174839269,0.04687856868766038,0.05582796827465997,0.00017940237754985374,0.13393102446825722,0.24127443313767782,0.1317095717519461,0.17004136630162414
case_00171,0.015133638610055011,413.56833701266663,0.16411095551501886,269.0854698047915,0.020768286018316928,2.2115791278047254,1445.619787259755,0.03665196790551717,0.05687598983964581,0.0002463852961076753,0.17985150166866945,0.2613496262166044,0.15048354673812392,0.26573508976361115
case_00172,0.015669818546979908,216.97757693737233,0.07686791437822182,208.88500390961417,0.018663063327726603,1.7268916839056487,1052.517592575925,0.046827829366226426,0.07371980606452766,0.00023556158176819006,0.15349694419395654,0.19643310862368957,0.10289738483122635,0.17627227684830982
case_00173,0.018377328724974107,174.06728004669068,0.10107814570887086,145.99391258114338,0.014987727069702306,1.1835899620932082,748.4723510512849,0.05834737823566982,0.08487229667489193,0.00019508511102976373,0.13066107130487153,0.18486457411496177,0.0929526891473802,0.12606043857623295
case_00174,0.016711501730034772,98.82941125147656,0.062213893005932275,96.13389269331674,0.02125005213793929,0.7726857845621566,468.5753098814748,0.05754717238495599,0.09888223677422348,0.00028969474246688795,0.18935467471925715,0.29578832786001286,0.14917301308216757,0.24828961474689126
case_00175,0.01212009523064983,236.91660586586428,0.07209645765903872,287.9849079310443,0.021490399339340605,2.400644868578297,1388.856237590051,0.03238741994126293,0.06728993465545807,0.0002692533158960976,0.16869849678860338,0.20676538292161706,0.11290361755862188,0.20260680335523995
case_00176,0.018399980831569573,182.7353832340606,0.15114862004054552,113.28401882800244,0.017958699124653976,0.908977630431707,635.8714585460548,0.061577219676107076,0.09538003038125065,0.00023020390333611251,0.1505991236481805,0.1980552095907439,0.09720459158622874,0.10188197552826639
case_00177,0.017525247245363418,366.0598581497854,0.14023062503804307,202.54728943369992,0.021610187018692995,1.665434551211888,962.9523692956427,0.05883505765297692,0.09083017537892524,0.0002595358645785012,0.17726313576061498,0.22918123479092578,0.12668775240967656,0.213661008788955
case_00178,0.010056772618302845,91.68840518095683,0.051234170543528856,172.43086211708578,0.009060009272193081,1.4009640061337905,781.4118536493042,0.03907994185828256,0.05001399950142871,0.0001241792586530329,0.09476714006009282,0.18837038249551774,0.0883473809360521,0.13308431296908507
case_00179,0.020266657642174724,267.3270900948792,0.13178613880200962,175.14930516451568,0.023932774274700308,1.427833858756685,967.1222597110318,0.06628954221132077,0.11090008979705579,0.00029514408501483567,0.1893313728677371,0.2296505011960564,0.11948081541423494,0.1542539950843499
case_00180,0.00907330522089278,319.71157271835347,0.08843841090339355,318.0082204852879,0.010041053758209517,2.685502991209205,1573.6225801924302,0.03332428128534515,0.041911937148320755,0.00010812270812044292,0.08748172283847949,0.08547736265346417,0.03543650013204347,0.019036331270867013
case_00181,0.018439980944439993,221.59874506981555,0.06350778776672084,255.94737846642238,0.021207065527270363,2.1407830852215852,1245.3882589353598,0.054267400006748345,0.08621089003247029,0.0002663529224148169,0.16619054888889107,0.1947058013303809,0.10014084490476483,0.1830344414475673
case_00182,0.015237892229942207,163.75603247678154,0.08809049554887627,142.1196532946633,0.014116589918360845,1.1560778877656617,730.2578853614104,0.04489956987538746,0.0693647004660145,0.0001831379256339062,0.1279149847847103,0.20969350313080865,0.11157377604600804,0.21766191369642562
case_00183,0.022778761336995967,371.9542945656921,0.12268886404264434,185.29335376877134,0.021901413493387256,1.5436106900341997,1026.0311046507559,0.06495131628398099,0.10639129206759412,0.0002677297109430067,0.16980556346806275,0.2024875663038712,0.10770274753576503,0.22533497685561144
case_00184,0.02414795801667191,341.44439016307444,0.1522033732045346,176.55599188565975,0.025182231259571086,1.444072130558311,1032.3143129686068,0.07842743575992783,0.1257152119386391,0.0003110048571803199,0.20377402293631963,0.24628293842283883,0.12410608273896329,0.16670117625525427
case_00185,0.016310066141639767,261.7995734188313,0.09707867479446397,201.16093578065193,0.02463954813447833,1.6557314272218946,1027.2494173939922,0.04976423472132985,0.09507018666251721,0.0003009215840662489,0.18370827411309681,0.21493719514323856,0.11915950533523012,0.19922728098135067
case_00186,0.01745229287542993,362.69707792617316,0.11266106980201573,288.90133329781384,0.02398753299729295,2.4106796569893163,1480.9552679189364,0.041004519235474324,0.08491055159738814,0.0002989750928707492,0.20461016368214371,0.27114707263618676,0.14369062275997513,0.2835571870559743
case_00187,0.017513856992642518,186.6807837022661,0.03479598821981955,227.94228419060528,0.0190867330759249,1.9716458430993953,1098.4499204646854,0.05617260206862318,0.08064136253142129,0.0002445678289666399,0.1582849310491493,0.17099744613209977,0.07830448124673783,0.15838552452877608
case_00188,0.017737071024818918,433.4874838305084,0.12412511205889654,285.33332736117154,0.01839999160020911,2.392186135206032,1297.2131106023153,0.06931002459873792,0.09284376028311736,0.00021042022944425722,0.15853045132371307,0.19402303813911997,0.09857721134523367,0.13396698119126427
case_00189,0.022751429445816318,486.7479238544615,0.10361137845125956,412.55089862765453,0.022151046044133094,3.551745200113544,2068.4504094156728,0.06207757172468242,0.08228462214858556,0.00025977855282267827,0.19436322187302194,0.2063656372246575,0.08813799621576612,0.08797413297279122
case_00190,0.017351380631192015,285.37687182890113,0.09915594854092136,287.6833002367057,0.02618823517038671,2.383863975508234,1348.9332947871007,0.043481704899211104,0.08401683626497669,0.0003148283227003188,0.19582542879352516,0.24021180950803273,0.14509105227886576,0.2830257776598242
case_00191,0.01754591689587215,327.3017774160775,0.07922989103515166,288.3089198331363,0.02357237700802406,2.446712987135072,1463.2457614860323,0.04858626139383104,0.08281569170483438,0.0002843050336758732,0.18615744322328615,0.20472183280950895,0.10177254747751174,0.16551164716385514
case_00192,0.013530386847745102,545.242845157071,0.13895020923511892,290.38610294640966,0.029037544740364907,2.4498341035260864,1583.9229690318462,0.05720257658732042,0.10858580114607475,0.00033776263843114706,0.23341194400345183,0.2615187516338423,0.13548935660137384,0.22504583073787732
case_00193,0.016604188273458553,220.39204457669993,0.07222561019298424,173.84083220919274,0.0176545572778527,1.4457241232670413,906.4538483935175,0.052174208828266955,0.08196318323669449,0.00021782953089574545,0.1427478687828851,0.1728484581377066,0.08883757994313657,0.14824743752495206
case_00194,0.010980556961472154,585.8868521686173,0.17131438500027663,335.54378853175876,0.025331519410341508,2.812510641740573,1883.2391485911212,0.04358265057241528,0.08842047737054082,0.0002927703156517564,0.21873376059320887,0.27408065392106074,0.14057619540592958,0.20528512773058671
case_00195,0.014548730224103967,162.8174299724106,0.06354524332306144,202.7665304553011,0.017883645291391748,1.6637912231824998,973.8835517935804,0.04218275974495722,0.06688708247293818,0.00023281010751125333,0.1481814484850401,0.1980470331888739,0.1040767640957394,0.17270037758958923
case_00196,0.013593446867630976,277.95065601537567,0.08479576289701685,220.8936011318874,0.0172062999891216,1.8449834577576212,1161.5250605428882,0.03169702513203776,0.05254052956585753,0.00021419466839145852,0.14864212342139843,0.20514652132286365,0.11130867145618062,0.23994672962293773
case_00197,0.015362917204445492,268.9363543850725,0.13296145958944205,185.04149089490966,0.018639007676097052,1.5062906976490353,979.0411089441332,0.05395754585549528,0.08771662275685443,0.00022941738334702816,0.15732975290802753,0.1969487345915299,0.09670651064318891,0.10329352778482093
case_00198,0.016227227291441992,825.4826894646203,0.17318401799792216,428.10086074713763,0.03177264916612421,3.681069628146929,2425.3950119083165,0.05447199898649724,0.10748909339927715,0.0003438002221291918,0.2495456171111975,0.26458536482586886,0.1387928769034381,0.19834089579109782
case_00199,0.015815477709389736,282.25443399032815,0.09532562834016722,258.1129774530418,0.016771672665823578,2.14835389520681,1222.2778886407905,0.06203494283511923,0.08566428952418681,0.00021147155200495517,0.1501352829128006,0.2128380448591009,0.10144572725492129,0.20088930856361775
case_00200,0.023204325775619816,139.05632746362534,0.049207341207201716,205.77684611410223,0.022372110610117457,1.6989108677592526,961.2078803054756,0.06100907004718681,0.10092667982733716,0.0002852620660094276,0.16791983965574409,0.20205160268783956,0.10666797465399436,0.19089294739149232
case_00201,0.02848146155438902,213.4936754175565,0.11407016133210501,150.588026973237,0.030236326386642642,1.2208095881119903,791.6169376222824,0.1006649379264668,0.15864908781747755,0.00038276057846806447,0.23418108111238572,0.2676629464943766,0.12642159797516128,0.14968077583649286
case_00202,0.018010308553206622,193.4154703377869,0.09407450503751358,157.77768322340125,0.015753072234113263,1.2853369570411246,821.009509787953,0.04970858775732234,0.07280023367616462,0.00020137144120240327,0.14045430304538514,0.217952007372059,0.11694880193380175,0.2225191838549332
case_00203,0.017979633968355224,548.9141792024144,0.23715415444871413,340.52431072441686,0.0239515601620236,2.788416622165016,1577.806068611273,0.057930622929352915,0.08350684447162704,0.00027796242583887814,0.20603371913131896,0.2798148237485392,0.15223880607554674,0.11656327899829622
case_00204,0.019533721624723888,127.80792499008825,0.1107810044977966,75.30877755268739,0.0233315405373844,0.600653667873928,393.4019788641017,0.06851654274631458,0.11362403184190206,0.0003160368472738613,0.2083890198321659,0.3363930673326656,0.1735184848367699,0.2706024700614119
case_00205,0.015525665309403136,183.04283036748816,0.07806978583831137,208.29592917230912,0.015745730979411454,1.70820124408948,1008.3915576987492,0.04727897469032194,0.07075377794103654,0.00020360872491313482,0.13990266818723993,0.1989745037632411,0.10013507917794395,0.1488254246690326
case_00206,0.025364349137127262,191.0650977892328,0.1489984148827127,74.4641798347584,0.022326989784085205,0.5976863434184452,478.6774610648572,0.09022931947603952,0.13229770109054062,0.00029690113647146783,0.20461185501426055,0.30989255375970326,0.145881741033283,0.19598762774548262
case_00207,0.012277678643185963,472.58958908118086,0.16038228746453276,289.26833001604246,0.027380497731611886,2.398842565211112,1609.8128005491744,0.0406031230883408,0.09095961004824593,0.0003238391593143163,0.21425049408958635,0.25562649963974254,0.1439833328612914,0.22858425046731967
case_00208,0.01617609398482478,197.14823256644868,0.0717983100875682,165.67300138428254,0.01832491758735566,1.3681299866834138,852.7106050275615,0.05249810221984452,0.0814559221961757,0.0002317927800414869,0.1524973676041685,0.1943902173926531,0.09815849110856589,0.16437978051195334
case_00209,0.009589866294024585,254.97980976283182,0.057999977878518294,192.51866351759963,0.02162330512639099,1.6399144571127522,979.7540908533556,0.03793345519781388,0.07844725473221503,0.0002649628774376886,0.17116834582677393,0.18700037172417078,0.09345303898279689,0.1766132427893924
case_00210,0.025157760298194165,83.27231525061116,0.04673758571195197,77.78400866482843,0.02858147917099063,0.6031472218484168,391.650077382772,0.1080813758327197,0.16398454265461604,0.0003951284546320371,0.2555541172585566,0.3436731507949884,0.14911037523755188,0.19203410328116943
case_00211,0.019857841103690266,200.92538060851342,0.08887121319613278,84.83235893359961,0.01960013438741881,0.6966607893866694,449.1335768077406,0.08449870848180352,0.12147719736817841,0.0002609920289114243,0.18043693857321508,0.24357961682845353,0.103052409861221,0.14077090090564204
case_00212,0.018628895863253225,486.91163161105806,0.1722111608133403,162.15344647778693,0.029793593267978924,1.3236575737059866,1121.011333997274,0.0774651462923499,0.1251288322098265,0.00035931145534795874,0.24745086946797568,0.32052128426447735,0.1725608534140184,0.22861068563560571
case_00213,0.013165782005012505,299.2796525533267,0.15042068955835752,250.55979800526256,0.02053222944957267,2.0395964349604583,1296.935570687754,0.03828990652913544,0.06783608303495026,0.00025734914122916295,0.17524226342314325,0.2525584170750345,0.13956729893095798,0.14777605046505737
case_00214,0.015312127875394599,213.5591893872893,0.13817879570521807,166.06460593871452,0.016479351941356635,1.3418953776944136,792.5225961425749,0.0458360320473592,0.07026740407846899,0.0002082462487646309,0.14022732165385315,0.20988727961415982,0.11723726733953443,0.19159725485007162
case_00215,0.021090683057563786,241.85182750527258,0.10334059674184015,119.98080826075602,0.022904539739474372,0.9844855228174652,574.9794091115182,0.07760864810741763,0.12032050983491094,0.00029481880024634756,0.19992858308155426,0.27637554471321096,0.1345289723151354,0.20628241197618724
case_00216,0.024184574739359865,343.63292903432904,0.18264783154336295,169.30813033004233,0.02167994933288997,1.376654012449194,841.7540503323544,0.07718840111600733,0.1165106823346449,0.0002661627569857483,0.17951034154011503,0.23512910735218362,0.12183548134966404,0.1838779683539874
case_00217,0.019210340471552345,327.7770342220231,0.07171827829281341,153.6147400701011,0.0219050152553395,1.309771924803897,905.8944743947359,0.06201719830214203,0.10092222641691695,0.000261050830243571,0.17093738861789515,0.17492650204732807,0.08200841386108515,0.14779221902826567
case_00218,0.011036163445657277,169.8197327385476,0.15280426514500534,120.29292784306017,0.014621629073187203,0.9608479992708112,645.9066512261343,0.027280978125361566,0.055099237892115016,0.00018813843178717288,0.12324430290079108,0.20125256836504657,0.1198075051212324,0.21380936972848552
case_00219,0.0199497663753041,215.2762331582599,0.09909418013113847,119.3235578255335,0.019283364428374528,0.9719392309074806,692.0728762466752,0.06750167614062119,0.10424887254380599,0.000246235477979446,0.16108512157935573,0.19914343371826793,0.09466051040351553,0.132001672132109
case_00220,0.01836994071964937,514.2169634406334,0.15531525523162504,232.7695031486801,0.024648376639612946,1.9451037894004344,1302.6405562855361,0.07398752855521962,0.11822492553761021,0.00027567611751312584,0.19167048269046416,0.20027364784436624,0.10082441326462577,0.12896078639932407
case_00221,0.015444548996274565,426.76446259925586,0.20781382345866517,256.29479526555224,0.02469186351170538,2.0905209911636575,1440.3669995986274,0.06071796068628443,0.10542097093657543,0.0002974818841881481,0.20959039427381887,0.2702439980484188,0.13919267012516667,0.14268455264581614
case_00222,0.020326036552592575,120.86852774427331,0.056887430260383454,146.62601832990913,0.021555680647391995,1.1909463463140355,707.3726010639512,0.05305616810072178,0.09511892374491093,0.0002850958903516908,0.16977484794339498,0.22229987722983396,0.1153499191217986,0.20321565252447005
case_00223,0.014690736976300078,282.5520359736814,0.20798287411845695,97.05687151387247,0.01802781075211457,0.7734384705030379,628.9318628961046,0.06167940835851238,0.09379822131274607,0.00022908753823326503,0.17134153659736234,0.26912048772901,0.12963294269127756,0.07576793474596522
case_00224,0.014026563559488392,229.20537954448218,0.06859562183614443,222.71156275585236,0.01490323226771284,1.8681035414973621,1108.5962148025283,0.04219499743805155,0.06614512810149598,0.00018596511752279245,0.13063519991394756,0.18288444417682354,0.0976574721980259,0.25717135588792306
case_00225,0.022309307112852506,426.43437705128173,0.14203457094923355,189.69728230618784,0.02674716497699925,1.5726911543392816,1068.7386915848765,0.08389122027470486,0.13210573583436602,0.0003161174945711734,0.21142553160036215,0.2314211169241756,0.11235739983552273,0.14760532337526022
case_00226,0.017092685430897925,412.6484508775609,0.15942835381988252,172.77696173742152,0.016359541255775323,1.4262803933552277,925.6718732499285,0.05972051995348426,0.08791385959815545,0.00019002669598157428,0.14672638598302684,0.2087144329041853,0.10552887888700535,0.15346795425646786
case_00227,0.015233819362026835,187.6836733741996,0.06762856820890728,110.97268585389247,0.01973495032443462,0.9126768039088233,628.9640598020924,0.053860057399136796,0.09155224520429073,0.00024639040569595294,0.15513611408263495,0.17796607568835154,0.08771797910672852,0.1276596083464958
case_00228,0.016762053030946356,380.1536195767082,0.06912761022639191,374.49379718786076,0.021644512328835797,3.254556413931482,1878.1288083281543,0.060814047145817174,0.07365094921981297,0.00026157843067932266,0.1820288499618749,0.1878295895622757,0.08342531290708666,0.11483286137783921
case_00229,0.023573349712473823,440.4847113616688,0.1468723280931038,146.1707724329608,0.023079418911905902,1.215826646923631,1016.4448850602494,0.08044257129436927,0.12152759160598436,0.0002724731597800534,0.19305040788173483,0.24135097306587333,0.12208738456710566,0.14716395220386969
case_00230,0.020099184047439267,244.03891130701678,0.0959497206785026,169.92430437459552,0.02228482036504298,1.3916440526002134,866.8517634119489,0.05983278419663263,0.09622869773844633,0.000280223806728624,0.18061373488851878,0.22852189634209658,0.11973257301639917,0.19654466927125147
case_00231,0.02374311404948848,292.8954755246206,0.14774768158822416,155.65432080167375,0.021509395755216487,1.2723523923808102,893.8664461977023,0.0828889904427077,0.12320552472828239,0.00026056114200396184,0.17247656720598942,0.18616623874156724,0.0829005262842617,0.07850799555233379
case_00232,0.013265244397419496,288.2413141103659,0.09388982078505159,174.7827962543306,0.01587256123022107,1.4536562171714422,791.7986656735884,0.053765591692050974,0.07870222671495086,0.00019634020080087954,0.14035035939188495,0.18746932779612957,0.09399288542571649,0.16459954843234637
case_00233,0.015592380193065858,298.69589094351414,0.07650682150779586,255.64059372474003,0.025570991781525332,2.153954109953304,1311.8433150298079,0.05566517488164102,0.10369094748374286,0.00031675984852356674,0.20098019530286154,0.22449898044187216,0.10953946821144189,0.18906832027851772
case_00234,0.014896201363516992,187.73099472806868,0.04036111177012991,236.34472388775612,0.020743083629098935,2.0203595283869618,1130.4802792637784,0.03688829494940715,0.06375564988947202,0.0002606053386675919,0.1634789986910588,0.18897236189159722,0.09976611395379043,0.24395142956204519
case_00235,0.033053481240494786,342.16991825468216,0.11096730195480908,161.6446293994086,0.029909505050441654,1.3404659885456454,854.3823028766783,0.11006842794778349,0.1663904409438688,0.00035574019598764084,0.22078392127492336,0.21636138457060133,0.097173055272192,0.11968705182975203
case_00236,0.020350257907345903,305.14069008092633,0.2078165070345379,119.8107167228809,0.02161436186737764,0.9641569013754747,687.2096533361182,0.08721706933109874,0.12638719385493635,0.00027055930682332767,0.19003268462441048,0.2371744337818979,0.10534994279733711,0.09444583419393959
case_00237,0.012091324903486078,169.54731971459506,0.06537329820409221,149.01072938337165,0.012406066544977334,1.222874003650304,764.5610812323284,0.03302817893618282,0.043044214552950266,0.00015975559823460089,0.11757298732088156,0.19808833002439463,0.10571315901963685,0.24320252615952098
case_00238,0.014631758000094086,265.40577198551796,0.08072068931250664,220.8791434912855,0.023259396028885826,1.8402837586139071,1148.9223459507048,0.046789755322162785,0.09024010431100726,0.00028549208165124613,0.18113011283037028,0.20935642803197768,0.10840258257875046,0.17844683848622844
case_00239,0.01861698656227928,133.6236372197153,0.054429595471029324,173.21970642400265,0.020299388527983964,1.417721969132856,826.5024629157851,0.05927829439977672,0.09333837850057813,0.00026324900186020135,0.1626933753214499,0.20020984887133508,0.09835037061242557,0.13972662129827418
case_00240,0.015037659115575419,524.3954589151562,0.14035209938256055,257.6541465804403,0.02299588387366225,2.1675076653754104,1542.7511464203417,0.04291565654169627,0.08193345074803449,0.000265035319421859,0.1908087895842705,0.23127776102810232,0.12438328883256367,0.24551258026493616
case_00241,0.019627185412697812,393.06589402309396,0.1256703044027483,132.1808492917262,0.02378124306746343,1.094126730956532,826.4235525554686,0.08016811027096171,0.12235089096112461,0.0002828415651794161,0.19334724989949092,0.2082387106683809,0.09587602097132208,0.12051643176145965
case_00242,0.019156411521788375,238.4154847721616,0.08294538058624512,218.13500994952483,0.020490042426289712,1.8057316223381008,1066.9001662908995,0.06530736868237619,0.10093411433682942,0.0002529610980511591,0.16229336012129225,0.19055386372753014,0.09628599252255388,0.14159042140647837
case_00243,0.0205940826433737,178.9929854371855,0.06678068213814381,163.37212244254624,0.018583295552253465,1.3436068999374697,740.3461798060744,0.06051895605075441,0.09513930036711582,0.00023877763668492084,0.15221731145102824,0.1981517127041421,0.10186278380864022,0.20958092464438638
case_00244,0.022361346908942648,263.5289233296363,0.11553609244492835,132.12287641903094,0.028788557735509035,1.078452500420667,744.6200648676313,0.08853822765818165,0.14089861561546613,0.0003700404295590978,0.23986057229881735,0.30506560982500613,0.1490747724135112,0.21760769466446594
case_00245,0.024677436651102447,377.9279420485892,0.10731853874065833,162.48996587297734,0.023652508530177085,1.3635087947020565,1026.6729706078186,0.08179870177855508,0.12730705698126243,0.0002838268261125712,0.1772820177645224,0.183793873293634,0.08622647385132554,0.12653104910304658
case_00246,0.014770810630405307,657.4575195636718,0.22663040256679567,281.35311690110393,0.02729467152798737,2.324506790790565,1661.1648828609614,0.060281195502110196,0.10315293508838552,0.00030620210801961907,0.22352355891470777,0.28171472004967757,0.15660889930262334,0.20700240769041156
case_00247,0.011372516530156807,340.95056466623464,0.30652621846866845,161.19096445397008,0.014890646754176728,1.2913720232580204,609.6708215955005,0.03931826288663276,0.06197860843019787,0.00017675778528294505,0.13800688319364565,0.2526906346276444,0.14096279185222582,0.22858312686161775
case_00248,0.02325296047065195,140.21870652370848,0.19003753551334057,63.256985664476815,0.02171692092115085,0.5000387750572486,381.7296472088201,0.0704327325787032,0.11215675521973423,0.00028494344732964616,0.1815929060454637,0.26724645166767136,0.14285907582551127,0.1827394248908345
case_00249,0.02173597354113599,474.1120574273005,0.17458460873927628,141.02072827763914,0.025020949394880754,1.1640850373592002,1036.4845314525592,0.07124159331884128,0.11499863828890655,0.0002965686318972386,0.21028041696250221,0.28423103275425915,0.1556618691532632,0.14977523095373002
case_00250,0.01585146817541805,444.9194717086495,0.14624544046439047,228.86691620789497,0.026299159388556204,1.8980164967166502,1228.0753705193056,0.05032400624093669,0.09783566029369717,0.0003107797841349,0.21325936567359727,0.2630781366505168,0.14616756111750218,0.27033431475094727
case_00251,0.01712994167295656,233.26631856947444,0.0949118237299641,187.9377627441354,0.025756466726799765,1.5263058314890259,975.6434609151911,0.08161806733941601,0.12875820484890466,0.0003354308927020692,0.22235279649474296,0.2726845690094502,0.1216147718273134,0.143974579849654
case_00252,0.02008898595390285,266.74092005727766,0.10002203851156055,109.27837085344072,0.026573027769352997,0.8971966823275466,703.1859658244066,0.08861702844962127,0.137892233208057,0.00034569203247739305,0.23650366441059684,0.3101765700348244,0.1423078806607102,0.20698140756419692
case_00253,0.01513060513798914,184.11556144262977,0.0741704064975468,118.41146006551571,0.014617013632061027,0.9672572660518313,644.9163875442173,0.04833764031879195,0.07184073549922843,0.00018704080572363828,0.13128292577013312,0.1784127899179917,0.08676664068245199,0.12777491013849596
case_00254,0.020184751102057863,558.7821450282265,0.11686628946530919,197.9651078287934,0.026946098627714465,1.6996712226048771,1342.2833157771092,0.07086456280741615,0.117159500206383,0.00031210387733307835,0.21213630350431067,0.23450634527828984,0.12137670943305146,0.22137718146200036
case_00255,0.013124794359588798,276.82230034969706,0.08458201519125785,184.65414621787204,0.01878396638102331,1.5416977748876661,1015.1713390472287,0.04512616457498553,0.07981179733624888,0.00023340521407182874,0.1625046805637445,0.21134515300158835,0.10653476487809743,0.15066954910129549
case_00256,0.027197788602097317,252.1789015486522,0.11815631500763679,126.4034666206062,0.02328552081201707,1.0309275048222162,617.5551259488566,0.09091201655270342,0.13290221040639982,0.0003010790524163587,0.1945430180424509,0.25450880758346467,0.12392112981153303,0.20287751536502097
case_00257,0.019559441738999483,252.67813245679164,0.11993016501361753,152.79114016675885,0.027456164874891442,1.2241987536046963,863.8426931237627,0.10382515095876876,0.1554004361730441,0.0003646295060775748,0.25247625538185264,0.3222632101767474,0.13701472471563547,0.1510963286961432
case_00258,0.015717669903162035,188.7609823907266,0.08589805148204399,173.36510460735735,0.019165587775493598,1.4160903441836012,882.2214008202718,0.046324981750787364,0.07644778390039697,0.00024276729861153357,0.15647772208412675,0.21009711997799213,0.11405512803977436,0.18475469398673794
case_00259,0.015949731381306953,305.1565530674015,0.12245235358890239,205.47249050549726,0.01715743815942783,1.6902232078956558,968.4631077184458,0.06321140810319514,0.09176379466310669,0.00020813328391517706,0.15015109816058053,0.20041630785318204,0.09685509445536933,0.14010430221511072
case_00260,0.013218664525305734,289.6729394815102,0.17545292391605205,158.43867238152598,0.02003295677342176,1.2738897244800569,923.4276290076086,0.06467565868905811,0.09603052219833086,0.0002564949488682044,0.18990186784741853,0.3016535332358696,0.14685709543198633,0.1898107200663619
case_00261,0.015509441365003873,203.8050502613663,0.0931837342650561,186.3982021206466,0.016791046162402012,1.5296178905775832,912.7649302539357,0.05342910079447105,0.08411004105512565,0.00021599439786946237,0.14814383751360463,0.21997644831784424,0.11065407757791779,0.22353419228045568
case_00262,0.0211730351427456,182.82716457340098,0.061774766078345866,143.3721439182118,0.02081203937348275,1.1839306305891455,732.114972915675,0.07110153215352866,0.11067873380153403,0.0002666924525868545,0.16790378941931067,0.1988980044470584,0.09310613765007625,0.16260020719883062
case_00263,0.017384201994610327,239.45783621937568,0.11840413574639352,157.72479223935807,0.019349567519045152,1.2850846367611553,868.357298087969,0.05564840294901896,0.08727928824120679,0.00023445952498708051,0.14823703148543388,0.17267281968123716,0.09102495652724174,0.10931591522541761
case_00264,0.016594229631280766,260.5657484125951,0.07897637503279287,237.1062925530714,0.012989166672461194,1.9839859861556874,1082.517219547066,0.05738281622710173,0.07492055341094517,0.0001613598643269592,0.12002058761237405,0.18133701119038004,0.09417911948665025,0.19799436833719786
case_00265,0.017462332066603525,274.81879728409183,0.0926957004828729,252.40811860571557,0.024257552700683194,2.090231112578465,1204.1880853332987,0.052559245859238546,0.09091773206642006,0.00029726560552322976,0.18628778927014555,0.2239579776844351,0.12313049661152586,0.22444049191568827
case_00266,0.011853691531232058,120.91377927697013,0.0571816109540737,228.45784079687292,0.014020981657406395,1.864893069196512,1018.1485799750953,0.04075706969408033,0.05720223471039165,0.0001851809394124355,0.12393307514766144,0.18698390803711273,0.0986405219381975,0.14222735979842482
case_00267,0.023631629410754473,130.90783490266742,0.07425177581651743,90.71907122663106,0.02543941373426062,0.7187886152273677,493.7841198090755,0.08439588340475646,0.13379261822202848,0.0003348565897812548,0.20856096694424664,0.26232920457011777,0.1240480336951032,0.16131435514028403
case_00268,0.017959685614348908,483.03091440630214,0.1676878698548976,176.5479867508693,0.03182569601346408,1.4358419210453803,1189.2228614097985,0.08660836262928306,0.1448982113755567,0.00039234378309767684,0.26839299948264206,0.3341851929324283,0.1682397692565507,0.21117365908201535
case_00269,0.021264913071180724,169.9642950284875,0.1062616841485291,134.26770338074857,0.018185701849927183,1.086367814257585,707.0351085514994,0.06643903890823832,0.10089562486390369,0.0002339476916147407,0.15153813408364653,0.1908325617476761,0.08988821706265082,0.10022373882342328
case_00270,0.022241089085196064,205.0960812244195,0.04967118326240094,145.08711093788588,0.02574465213052557,1.2237925374533347,780.3165635166224,0.07798404900155886,0.12730197304404123,0.00032363273681560844,0.19451533783873398,0.19382280764642296,0.08389029337359022,0.13181517557125044
case_00271,0.0168758111095465,347.7388555909705,0.07225457848523964,244.9311252696134,0.01816440089497251,2.1057862438184998,1271.982376881584,0.06221062260246746,0.09532315375333122,0.0002263885132034178,0.15163977809055085,0.17808625484016616,0.08287881854440038,0.20573593806038826
case_00272,0.020220495632464752,160.76127258350795,0.1509064995982501,67.07905683515128,0.014637567856589317,0.5362791429174649,417.5160493804724,0.06151428166450268,0.08949621128914598,0.00019230473117072718,0.12932990183694826,0.19690847357932645,0.09844955504885833,0.1450681295541476
case_00273,0.016062245882165538,480.97678668922447,0.12543235556372423,178.72400163522252,0.021824003476639264,1.5104604394318812,959.9857820990146,0.06678744685812421,0.10112944553597503,0.0002570136347190997,0.19164576576003906,0.2521082092385822,0.12512685134773394,0.19312957812760145
case_00274,0.01770557604615952,322.5658197522753,0.11644828488103987,204.31546854419867,0.01754119157675904,1.687642384196181,1134.4429069976613,0.04401387767295384,0.06362621971507576,0.00021970346509186814,0.160785449471839,0.2287384045293131,0.11615314101601948,0.19251899314147825
case_00275,0.017544307378488888,209.17920326788294,0.11257138821357315,95.56677659869456,0.01624533341582357,0.7749345142221955,521.209025309654,0.0624514847745965,0.08996663064426702,0.00020386664461562827,0.139244626063651,0.18045447247959628,0.08750040956686156,0.10947626525381815
case_00276,0.017429050132988566,180.09052220984336,0.07496712126781635,185.93771090454538,0.017127969681611566,1.5270135081699436,892.5992230549746,0.05888669822418491,0.09080306538458971,0.00022110213001914425,0.1420539114949907,0.1851507827778316,0.09144484672866737,0.157874506843117
case_00277,0.015922912851215165,283.58940996241313,0.0696885730313973,301.404893106519,0.02502866980267804,2.5510053019229417,1481.6894106294785,0.05447465489444836,0.0981975242389288,0.0003054075719184095,0.19356031075325542,0.20701332178832638,0.10044271117293646,0.15797707007777217
case_00278,0.02017410318704571,397.90504428514953,0.1061455121446806,343.3806525080945,0.02709001733547678,2.8965217629314566,1766.9970148345164,0.06370466933774632,0.11338132098594911,0.00031594557892348097,0.20429145477168303,0.21390599773890845,0.10709180404728935,0.1535045251705054
case_00279,0.010459574183607212,131.19462095365455,0.017714185041239783,278.8573139931468,0.02064255015009475,2.5147791683030505,1232.5271153434587,0.050432685449149695,0.09045826137521606,0.0002723376628828338,0.16868800818463292,0.16748357186649188,0.06515845593486125,0.13379723647302366
case_00280,0.012109417276206735,204.31993779920245,0.0611615992471376,283.1840328413382,0.0157146925636098,2.3659253226745136,1292.6814583531232,0.05855817309647815,0.08658448911415184,0.00019992087167917168,0.13586231670675958,0.15514955167223443,0.06703189270923515,0.07275613592112773
case_00281,0.021654823584298155,474.46670020883886,0.11025115273031216,163.693539853557,0.024173675013373863,1.3956570418030765,1066.815433447162,0.07753708164433448,0.12130435456322619,0.0002794892736188541,0.19490409909334272,0.21966632135743797,0.109067997676765,0.22966315810301485
case_00282,0.01449041170990728,435.85698069938695,0.10423697346809935,199.51798916547705,0.020031287873702563,1.6830674668728989,1163.829585095169,0.06555268099057943,0.09540519969929195,0.000232172550231953,0.17042590771519206,0.19434990562580046,0.09178078440325577,0.13136924567655872
case_00283,0.01967743997030935,316.21155097741484,0.11005182966974658,190.55559750324755,0.019677460780090694,1.5789154055948416,1074.6783136277518,0.05772795330970448,0.09526774060695065,0.00024349906466422525,0.1514495716912131,0.17821014190086076,0.09447629488981824,0.19697163117126004
case_00284,0.014213393572053534,601.016660731663,0.22404583566914338,243.7257292125505,0.02354017494676397,2.0090864211726966,1440.0313667189039,0.05174386946633325,0.0887287422329821,0.0002652968873882288,0.2016321032366064,0.27066563186352366,0.1473304613899571,0.23267990108057268
case_00285,0.01754555404619207,238.8174184699314,0.06756932916724345,283.0110931069794,0.03352708636933266,2.346754460393356,1370.8617908978486,0.07155533413487158,0.1346983675627289,0.00042577589056699535,0.26308979395010085,0.30201898941975946,0.1478517090928344,0.24758192818893487
case_00286,0.027236880934074503,196.02607069781482,0.06957757064927872,151.24841745426238,0.026811774451543813,1.249740954786489,801.0197405149229,0.07006991999286094,0.1216728948873731,0.000310505130245174,0.17287451902978812,0.168912236723067,0.08964865593761873,0.12582393841078654
case_00287,0.025172896967024516,256.03338406196247,0.09616220875697801,204.7003878396281,0.03223486155783861,1.6692131205369378,1070.8280654602568,0.10292904413549775,0.1632963579460287,0.0004202138339409827,0.27458494396424526,0.33579907863468467,0.1529855476817472,0.18709669516731342
case_00288,0.014996905812302175,268.34842347775543,0.10587493485020705,114.60973011796159,0.017527914105164744,0.9443806001150392,559.0914922134834,0.052757098454407236,0.08440166763146417,0.00022051122741976407,0.1601877292296366,0.2504428351292332,0.12696694431442923,0.222059758085418
case_00289,0.01601874935458869,161.18265941118682,0.06369715730100978,217.07358924422442,0.019698071504904657,1.785477885859109,1027.6519627591188,0.05363161134125094,0.08575139389373576,0.00025035163740049415,0.1555750840472463,0.1877719678940582,0.09372859477581685,0.12958576074928452
case_00290,0.016950918199964304,337.77143562061593,0.1823570350435102,161.69572681382851,0.018711539224675944,1.3146990129107508,827.5340609127888,0.06116810826422314,0.09062944416842567,0.00022655963337777198,0.16284089872345564,0.23487178727648883,0.12507047646412917,0.12485858524573235
case_00291,0.013124993731626566,409.67150679808776,0.17016612100615147,246.8243078895175,0.024074486997759492,2.026945611496899,1322.6751944653806,0.0460470408517043,0.08989415716398919,0.00028772338552625343,0.19491737709229784,0.2482069756072418,0.13852547539828786,0.20567621476031994
case_00292,0.0164238783358579,225.24779796111443,0.10687489199358935,160.32895725561684,0.01719372983331069,1.3080732661275078,866.5636269835813,0.05327186748470003,0.07940631838904344,0.0002204225006208079,0.14677822681635155,0.2059077811639447,0.10842427616183903,0.1659550448300473
case_00293,0.01616630500274241,250.84558157563384,0.08672803520085237,171.85696605139674,0.017522791731030107,1.4219140869607259,816.1005955631263,0.055098290248645654,0.08701730001402685,0.00021895999419719063,0.1489343070814133,0.20119365390773963,0.1027266590583269,0.20680061380763104
case_00294,0.019874486164914162,257.04601268180835,0.08909228073459174,194.1822781275696,0.01897098129995023,1.6045003525615016,1032.449556029198,0.06549663808282558,0.10105882019426748,0.0002356715009585158,0.15014200999419797,0.17615415914908555,0.08944882750582872,0.15085365901701664
case_00295,0.023985988073220943,150.96693878061808,0.08465295495105796,94.20685169954231,0.020370121068740255,0.7625248973881185,493.80908170551993,0.0733740033941197,0.11185258393718489,0.00025929591629785193,0.16015027348581556,0.1957067306837113,0.09786949854531235,0.14280040537501204
case_00296,0.016863965851403595,118.74413774127012,0.037861608450191486,325.9680901137908,0.013868469658072424,2.717385277542917,1422.6164981963811,0.050782542271344155,0.061885836999079125,0.00018745518643259853,0.1294999366146597,0.18752571800056872,0.09152241499393299,0.1357017102607624
case_00297,0.011770072730627357,195.16126843757596,0.06340111296090278,285.8073994078368,0.01750270527593556,2.3784839573019667,1337.5854199316527,0.038678622058050505,0.06531637521787348,0.00022584114324471173,0.1523273960937443,0.19517316976975874,0.09486464905341652,0.13306105980630545
case_00298,0.01937142773241418,260.7135820747818,0.09279973826782528,174.7440450273134,0.020269210194781784,1.4455054156848064,882.1386384703801,0.05587047545612245,0.0932323582734721,0.0002497273803917866,0.16234193469553837,0.20697639856229688,0.11359277065362305,0.2320149939466557
case_00299,0.018663008938220815,203.28768111264634,0.12332485118722569,144.3742085878257,0.016379943615361547,1.1667838096755645,780.784515464009,0.05864965999126459,0.0895324343061289,0.00020907936079146705,0.13479638146640682,0.1789296106027809,0.09223513866100097,0.1366568792508689
